open_position_time	side_15775	side_15776	pnl_15775	pnl_15776	delta
2021-08-18 20:00:00	long	long	-3.50003248	-3.50003248	0.00000000
2021-08-19 20:00:00	long	long	2.16419050	2.16419050	0.00000000
2021-08-25 16:00:00	short	short	-1.48251856	-1.48251856	0.00000000
2021-08-28 04:00:00	long	long	-1.26690977	-1.26690977	0.00000000
2021-08-29 08:00:00	long	long	1.89711978	1.89711978	0.00000000
2021-08-30 08:00:00	short	short	-2.00325712	-2.00325712	0.00000000
2021-09-02 04:00:00	long	long	1.82392432	1.82392432	0.00000000
2021-09-06 08:00:00	short	short	-1.20980788	-1.20980788	0.00000000
2021-09-06 16:00:00	short	short	-1.01303204	-1.01303204	0.00000000
2021-09-07 04:00:00	short	short	14.49022057	14.49022057	0.00000000
2021-09-08 08:00:00	short	short	-4.47292582	-4.47292582	0.00000000
2021-09-10 12:00:00	short	short	-1.06551379	-1.06551379	0.00000000
2021-09-12 16:00:00	long	long	-3.60262142	-3.60262142	0.00000000
2021-09-15 04:00:00	long	long	3.04885301	3.04885301	0.00000000
2021-09-18 08:00:00	long	long	-1.62420684	-1.62420684	0.00000000
2021-09-20 20:00:00	long	long	-4.15886774	-4.15886774	0.00000000
2021-09-21 08:00:00	long	long	-3.98960182	-3.98960182	0.00000000
2021-09-26 08:00:00	short	short	-1.88803048	-1.88803048	0.00000000
2021-09-26 16:00:00	long	long	-3.75038218	-3.75038218	0.00000000
2021-09-28 20:00:00	short	short	-2.61763035	-2.61763035	0.00000000
2021-09-29 20:00:00	short	short	-2.18750256	-2.18750256	0.00000000
2021-10-01 16:00:00	long	long	6.49398316	6.49398316	0.00000000
2021-10-06 00:00:00	short	short	1.74574609	1.74574609	0.00000000
2021-10-06 20:00:00	long	long	-3.73752970	-3.73752970	0.00000000
2021-10-07 12:00:00	long	long	-2.38516607	-2.38516607	0.00000000
2021-10-08 16:00:00	short	short	0.98144144	0.98144144	0.00000000
2021-10-09 20:00:00	short	short	0.64805759	0.64805759	0.00000000
2021-10-10 20:00:00	long	long	-3.55465659	-3.55465659	0.00000000
2021-10-14 04:00:00	long	long	10.26953270	10.26953270	0.00000000
2021-11-02 20:00:00	long	long	-0.11587945	-0.11587945	0.00000000
2021-11-04 20:00:00	short	short	-2.24575759	-2.24575759	0.00000000
2021-11-08 08:00:00	long	long	-0.42580456	-0.42580456	0.00000000
2021-11-11 00:00:00	short	short	1.67696170	1.67696170	0.00000000
2021-11-14 16:00:00	long	long	0.48589335	0.48589335	0.00000000
2021-11-14 20:00:00	short	short	0.69198898	0.69198898	0.00000000
2021-11-15 04:00:00	long	long	1.06709171	1.06709171	0.00000000
2021-11-15 20:00:00	short	short	9.28337079	9.28337079	0.00000000
2021-11-21 00:00:00	long	long	-4.39151571	-4.39151571	0.00000000
2021-11-29 00:00:00	long	long	8.91535029	8.91535029	0.00000000
2021-12-03 20:00:00	short	short	15.17893570	15.17893570	0.00000000
2021-12-07 04:00:00	long	long	-1.55135908	-1.55135908	0.00000000
2021-12-08 20:00:00	long	long	-1.31315658	-1.31315658	0.00000000
2021-12-09 08:00:00	short	short	6.05235707	6.05235707	0.00000000
2021-12-13 00:00:00	long	long	-3.62914721	-3.62914721	0.00000000
2021-12-13 20:00:00	short	short	-5.03590076	-5.03590076	0.00000000
2021-12-16 00:00:00	long	long	-4.83093960	-4.83093960	0.00000000
2021-12-18 08:00:00	long	long	2.83849639	2.83849639	0.00000000
2021-12-21 20:00:00	short	short	-1.47188698	-1.47188698	0.00000000
2021-12-26 04:00:00	short	short	0.99808205	0.99808205	0.00000000
2021-12-26 08:00:00	short	short	-2.44596881	-2.44596881	0.00000000
2021-12-27 12:00:00	short	short	-0.85102454	-0.85102454	0.00000000
2021-12-27 20:00:00	long	long	-0.46313135	-0.46313135	0.00000000
2021-12-28 00:00:00	short	short	0.73529785	0.73529785	0.00000000
2021-12-31 16:00:00	long	long	-1.81691913	-1.81691913	0.00000000
2022-01-01 00:00:00	short	short	-4.53350424	-4.53350424	0.00000000
2022-01-03 08:00:00	short		-1.24529879	0.00000000	1.24529879
2022-01-03 20:00:00	short	short	-1.44683769	-1.46389814	-0.01706045
2022-01-06 00:00:00	short	short	5.68535299	5.75239206	0.06703907
2022-01-07 20:00:00	short	short	-3.40131645	-3.44142321	-0.04010676
2022-01-09 00:00:00	short	short	-4.33238095	-4.38346639	-0.05108544
2022-01-10 20:00:00	long	long	9.20700789	9.31557269	0.10856480
2022-01-14 20:00:00	short	short	2.51249079	2.54211693	0.02962614
2022-01-16 20:00:00	long	long	-1.44792765	-1.46500094	-0.01707329
2022-01-19 00:00:00	long	long	-2.42611400	-2.45472162	-0.02860762
2022-01-24 16:00:00	long	long	-3.37576532	-3.41557079	-0.03980547
2022-01-28 04:00:00	long	long	8.59280302	8.69412540	0.10132238
2022-02-03 16:00:00	short	short	-2.24058184	-2.26700175	-0.02641991
2022-02-04 04:00:00	long	long	4.42197347	4.47411535	0.05214188
2022-02-04 12:00:00	short	short	4.96088252	5.01937897	0.05849645
2022-02-07 08:00:00	long	long	-0.09997333	-0.10115217	-0.00117884
2022-02-12 00:00:00	short	short	-4.50993381	-4.56311288	-0.05317907
2022-02-18 00:00:00	short	short	10.31752594	10.43918546	0.12165952
2022-02-20 20:00:00	long	long	-5.21068722	-5.27212925	-0.06144203
2022-02-27 20:00:00	short	short	-3.77045199	-3.81491143	-0.04445944
2022-03-03 20:00:00	short	short	8.64315847	8.74507463	0.10191616
2022-03-05 04:00:00	long	long	1.08896536	1.10180593	0.01284057
2022-03-07 20:00:00	short	short	-3.95347532	-4.00009288	-0.04661756
2022-03-10 04:00:00	long	long	-3.25067004	-3.28900044	-0.03833040
2022-03-10 08:00:00	short	short	3.55107901	3.59295170	0.04187269
2022-03-13 20:00:00	long	long	-2.33645948	-2.36400994	-0.02755046
2022-03-18 20:00:00	long	long	10.44658758	10.56976894	0.12318136
2022-03-27 08:00:00	short	short	-1.17601208	-1.18987908	-0.01386700
2022-03-27 20:00:00	long	long	1.16750717	1.18127388	0.01376671
2022-03-28 04:00:00	long	long	4.32448392	4.37547624	0.05099232
2022-04-06 04:00:00	short	short	6.15222034	6.22476449	0.07254415
2022-04-08 20:00:00	long	long	0.29525128	0.29873275	0.00348147
2022-04-11 08:00:00	long	long	-5.86072715	-5.92983415	-0.06910700
2022-04-13 20:00:00	long	long	-0.44142484	-0.44662992	-0.00520508
2022-04-16 20:00:00	short	short	-1.09053484	-1.10339393	-0.01285909
2022-04-18 12:00:00	short	short	-4.92452519	-4.98259293	-0.05806774
2022-04-20 16:00:00	long	long	-2.83011208	-2.86348346	-0.03337138
2022-04-21 16:00:00	long	long	-1.90757207	-1.93006528	-0.02249321
2022-04-21 20:00:00	short	short	12.04811373	12.19017955	0.14206582
2022-04-28 20:00:00	short	short	-1.93728166	-1.96012520	-0.02284354
2022-05-01 04:00:00	short	short	-5.57810374	-5.64387817	-0.06577443
2022-05-08 08:00:00	short	short	15.83542500	16.02214906	0.18672406
2022-05-11 16:00:00	long	long	-5.92127635	-5.99109732	-0.06982097
2022-05-11 20:00:00	long	long	8.97234191	9.07813965	0.10579774
2022-05-23 12:00:00	long	long	-2.65411669	-2.68541281	-0.03129612
2022-05-30 04:00:00	long	long	5.43265612	5.49671550	0.06405938
2022-06-01 20:00:00	short	short	0.20616626	0.20859727	0.00243101
2022-06-06 08:00:00	long	long	-5.90102721	-5.97060941	-0.06958220
2022-06-10 08:00:00	long	long	-6.00106080	-6.07182255	-0.07076175
2022-06-24 16:00:00	long	long	3.23680822	3.27497517	0.03816695
2022-06-26 20:00:00	short	short	12.34716544	12.49275755	0.14559211
2022-06-30 00:00:00	long	long	-6.39108535	-6.46644609	-0.07536074
2022-07-04 00:00:00	long	long	-3.88838306	-3.93423309	-0.04585003
2022-07-04 16:00:00	long	long	1.42484834	1.44164950	0.01680116
2022-07-05 16:00:00	short	short	-6.18713678	-6.26009265	-0.07295587
2022-07-08 08:00:00	long	long	-2.48836848	-2.51771018	-0.02934170
2022-07-10 20:00:00	short	short	-5.67760925	-5.74455701	-0.06694776
2022-07-19 04:00:00	long	long	-5.44653055	-5.51075354	-0.06422299
2022-07-20 16:00:00	short	short	5.66673923	5.73355882	0.06681959
2022-07-25 04:00:00	short	short	12.40452516	12.55079362	0.14626846
2022-07-27 04:00:00	long	long	23.17620356	23.44948670	0.27328314
2022-08-01 04:00:00	short	short	9.09720030	9.20447030	0.10727000
2022-08-02 16:00:00	long	long	33.97428582	34.37489499	0.40060917
2022-08-17 12:00:00	short	short	4.27537606	4.32578933	0.05041327
2022-08-18 00:00:00	short	short	30.82837565	31.19188969	0.36351404
2022-08-21 04:00:00	long	long	-8.51289770	-8.61327788	-0.10038018
2022-09-01 20:00:00	short	short	-6.63040033	-6.70858296	-0.07818263
2022-09-03 00:00:00	short	short	-9.46902865	-9.58068309	-0.11165444
2022-09-07 00:00:00	short	short	-9.08363919	-9.19074929	-0.10711010
2022-09-13 20:00:00	short	short	-1.39510864	-1.41155912	-0.01645048
2022-09-15 16:00:00	short	short	28.25308281	28.58623018	0.33314737
2022-09-19 00:00:00	long	long	-7.39745889	-7.48468633	-0.08722744
2022-10-07 20:00:00	short	short	3.50481281	3.54613996	0.04132715
2022-10-11 20:00:00	short	short	16.20340696	16.39447009	0.19106313
2022-10-14 00:00:00	short	short	-7.77539925	-7.86708319	-0.09168394
2022-10-14 20:00:00	short	short	-0.44909158	-0.45438706	-0.00529548
2022-10-17 12:00:00	long	long	-2.07476088	-2.09922551	-0.02446463
2022-10-20 20:00:00	short	short	1.96538746	1.98856241	0.02317495
2022-10-21 00:00:00	short	short	2.19961445	2.22555129	0.02593684
2022-10-21 20:00:00	long	long	4.71117520	4.76672721	0.05555201
2022-10-24 00:00:00	long	long	2.36979596	2.39773951	0.02794355
2022-10-24 04:00:00	long	long	27.87038417	28.19901894	0.32863477
2022-10-28 04:00:00	short	short	-9.16160712	-9.26963658	-0.10802946
2022-10-29 08:00:00	short	short	5.81334083	5.88188908	0.06854825
2022-10-31 20:00:00	short	short	-9.47925923	-9.59103430	-0.11177507
2022-11-03 08:00:00	long	long	10.79894856	10.92628480	0.12733624
2022-11-07 00:00:00	short	short	3.77061593	3.81507730	0.04446137
2022-11-08 04:00:00	short	short	45.17300761	45.70566696	0.53265935
2022-11-13 12:00:00	short	short	2.59905811	2.62970501	0.03064690
2022-11-13 16:00:00	long	long	-7.54086580	-7.62978423	-0.08891843
2022-12-02 20:00:00	short	short	4.03021211	4.07773452	0.04752241
2022-12-04 04:00:00	short	short	-13.35329924	-13.51075521	-0.15745597
2022-12-07 12:00:00	short	short	-12.80981996	-12.96086747	-0.15104751
2022-12-12 00:00:00	short	short	1.68451522	1.70437825	0.01986303
2022-12-13 16:00:00	long	long	-5.13671080	-5.19728054	-0.06056974
2022-12-16 16:00:00	short	short	8.07173046	8.16690860	0.09517814
2022-12-19 08:00:00	long	long	2.94525340	2.97998247	0.03472907
2022-12-20 08:00:00	long	long	5.01781384	5.07698160	0.05916776
2022-12-23 20:00:00	short	short	-1.16426103	-1.17798947	-0.01372844
2022-12-25 20:00:00	short	short	4.04294512	4.09061767	0.04767255
2022-12-26 00:00:00	short	short	2.64103704	2.67217893	0.03114189
2022-12-29 04:00:00	long	long	16.91958430	17.11909227	0.19950797
2023-01-05 00:00:00	short	short	2.30533320	2.33251663	0.02718343
2023-01-06 20:00:00	long	long	2.95764066	2.99251580	0.03487514
2023-01-08 20:00:00	short	short	3.23800368	3.27618473	0.03818105
2023-01-09 00:00:00	short	short	-14.05984171	-14.22562891	-0.16578720
2023-01-11 04:00:00	short	short	1.91686935	1.93947219	0.02260284
2023-01-11 20:00:00	short	short	-3.50592824	-3.54726853	-0.04134029
2023-01-12 00:00:00	long	long	3.05372110	3.08972917	0.03600807
2023-01-12 04:00:00	long	long	43.24760412	43.75756000	0.50995588
2023-01-17 20:00:00	short	short	-7.35354975	-7.44025943	-0.08670968
2023-01-21 00:00:00	long	long	-15.00810592	-15.18507461	-0.17696869
2023-01-25 04:00:00	short	short	-15.41556536	-15.59733862	-0.18177326
2023-01-28 00:00:00	long	long	-7.55390204	-7.64297418	-0.08907214
2023-01-28 20:00:00	long	long	-3.55904055	-3.60100713	-0.04196658
2023-01-29 08:00:00	long	long	5.86168748	5.93080581	0.06911833
2023-02-02 00:00:00	long	long	11.60934481	11.74623687	0.13689206
2023-02-03 00:00:00	short	short	7.95088125	8.04463439	0.09375314
2023-02-06 12:00:00	long	long	4.31423211	4.36510356	0.05087145
2023-02-08 00:00:00	short	short	5.12697804	5.18743301	0.06045497
2023-02-10 00:00:00	short	short	13.57476541	13.73483280	0.16006739
2023-02-12 00:00:00	long	long	4.78169383	4.83807737	0.05638354
2023-02-13 08:00:00	long	long	-5.57851290	-5.64429216	-0.06577926
2023-02-13 16:00:00	long	long	8.95333861	9.05891226	0.10557365
2023-02-15 16:00:00	long	long	27.40062585	27.72372145	0.32309560
2023-02-20 00:00:00	short	short	6.90991640	6.99139496	0.08147856
2023-02-22 16:00:00	long	long	-7.96939899	-8.06337048	-0.09397149
2023-02-22 20:00:00	short	short	-7.95834620	-8.05218736	-0.09384116
2023-02-23 04:00:00	long	long	-4.02319521	-4.07063488	-0.04743967
2023-02-26 04:00:00	long	long	12.17554987	12.31911836	0.14356849
2023-02-28 20:00:00	long	long	5.61272587	5.67890855	0.06618268
2023-03-02 04:00:00	long	long	-7.84272666	-7.93520449	-0.09247783
2023-03-03 00:00:00	long	long	-5.24261068	-5.30442914	-0.06181846
2023-03-06 08:00:00	long	long	0.77082984	0.77991911	0.00908927
2023-03-07 20:00:00	long	long	-5.70759032	-5.77489160	-0.06730128
2023-03-13 00:00:00	long	long	69.53786487	70.35782342	0.81995855
2023-03-20 04:00:00	short	short	-10.73547194	-10.86205969	-0.12658775
2023-03-21 20:00:00	short	short	1.25748531	1.27231300	0.01482769
2023-03-31 00:00:00	long	long	3.91715608	3.96334539	0.04618931
2023-04-03 08:00:00	short	short	-4.66166796	-4.71663621	-0.05496825
2023-04-04 04:00:00	long	long	9.87276028	9.98917533	0.11641505
2023-04-07 12:00:00	short	short	-6.82907746	-6.90960281	-0.08052535
2023-04-13 16:00:00	long	long	26.22716617	26.53642487	0.30925870
2023-04-19 16:00:00	short	short	8.45075674	8.55040418	0.09964744
2023-04-21 12:00:00	long	long	-5.19376550	-5.25500800	-0.06124250
2023-04-21 16:00:00	short	short	15.93847767	16.12641688	0.18793921
2023-04-24 12:00:00	long	long	5.79771433	5.86607831	0.06836398
2023-04-24 20:00:00	long	long	5.37442339	5.43779612	0.06337273
2023-04-26 16:00:00	long	long	-14.41027380	-14.58019313	-0.16991933
2023-04-30 00:00:00	long	long	-0.94832998	-0.95951225	-0.01118227
2023-04-30 16:00:00	short	short	-5.27349699	-5.33567964	-0.06218265
2023-04-30 20:00:00	long	long	-5.16812183	-5.22906195	-0.06094012
2023-05-04 04:00:00	long	long	-19.98722890	-20.22290912	-0.23568022
2023-05-10 20:00:00	long	long	-19.17374868	-19.39983672	-0.22608804
2023-05-11 00:00:00	long	long	5.32636972	5.38917583	0.06280611
2023-05-15 00:00:00	short	short	-6.01959517	-6.09057547	-0.07098030
2023-05-16 00:00:00	short	short	8.08285111	8.17816037	0.09530926
2023-05-24 08:00:00	short	short	1.07744765	1.09015242	0.01270477
2023-06-02 08:00:00	long	long	4.27359073	4.32398295	0.05039222
2023-06-02 20:00:00	long	long	3.08308122	3.11943550	0.03635428
2023-06-03 00:00:00	long	long	-4.30850070	-4.35930456	-0.05080386
2023-06-04 20:00:00	short	short	1.84443521	1.86618394	0.02174873
2023-06-05 04:00:00	short	short	3.62426533	3.66700100	0.04273567
2023-06-09 20:00:00	long	long	-4.06010639	-4.10798130	-0.04787491
2023-06-10 08:00:00	short	short	25.21081251	25.50808683	0.29727432
2023-06-10 12:00:00	short	short	-0.29213366	-0.29557837	-0.00344471
2023-06-12 20:00:00	long	long	3.43102507	3.47148214	0.04045707
2023-06-13 20:00:00	short	short	0.28734125	0.29072945	0.00338820
2023-06-15 00:00:00	long	long	-20.08490508	-20.32173706	-0.23683198
2023-06-15 04:00:00	short	short	-0.53784637	-0.54418841	-0.00634204
2023-06-17 00:00:00	long	long	-0.61652233	-0.62379208	-0.00726975
2023-06-19 04:00:00	short	short	-5.88329342	-5.95266651	-0.06937309
2023-06-20 08:00:00	short	short	-0.63627757	-0.64378026	-0.00750269
2023-06-20 20:00:00	long	long	3.32367016	3.36286135	0.03919119
2023-06-23 20:00:00	short	short	9.00833255	9.11455467	0.10622212
2023-06-25 20:00:00	short	short	-3.42072924	-3.46106491	-0.04033567
2023-06-27 00:00:00	short	short	-9.30296512	-9.41266141	-0.10969629
2023-06-29 08:00:00	long	long	14.02480818	14.19018228	0.16537410
2023-07-01 00:00:00	long	long	3.51282671	3.55424835	0.04142164
2023-07-06 16:00:00	short	short	13.78765527	13.95023297	0.16257770
2023-07-10 08:00:00	long	long	2.92657822	2.96108709	0.03450887
2023-07-11 00:00:00	long	long	-4.56755196	-4.62141043	-0.05385847
2023-07-12 20:00:00	short	short	-2.22533402	-2.25157414	-0.02624012
2023-07-13 16:00:00	long	long	6.07451236	6.14614022	0.07162786
2023-07-13 20:00:00	long	long	16.70684520	16.90384464	0.19699944
2023-07-18 04:00:00	long	long	-2.40583532	-2.43420383	-0.02836851
2023-07-26 12:00:00	short	short	1.07641793	1.08911055	0.01269262
2023-07-31 08:00:00	long	long	-2.39290680	-2.42112285	-0.02821605
2023-08-01 08:00:00	short	short	-2.50688553	-2.53644558	-0.02956005
2023-08-01 20:00:00	long	long	-0.91727800	-0.92809412	-0.01081612
2023-08-03 12:00:00	short	short	1.09810334	1.11105167	0.01294833
2023-08-04 20:00:00	long	long	-3.75777109	-3.80208100	-0.04430991
2023-08-05 00:00:00	long	long	3.95367869	4.00029865	0.04661996
2023-08-07 20:00:00	long	long	3.51844388	3.55993175	0.04148787
2023-08-10 20:00:00	short	short	2.42978958	2.45844055	0.02865097
2023-08-11 08:00:00	short	short	-1.76795064	-1.78879750	-0.02084686
2023-08-14 04:00:00	short	short	1.58447383	1.60315721	0.01868338
2023-08-17 04:00:00	short	short	3.96137534	4.00808606	0.04671072
2023-08-17 16:00:00	short	short	18.38251779	18.59927599	0.21675820
2023-08-18 08:00:00	short	short	4.77686969	4.83319634	0.05632665
2023-08-21 16:00:00	long	long	-4.83956818	-4.89663414	-0.05706596
2023-08-21 20:00:00	short	short	-5.34987200	-5.41295523	-0.06308323
2023-08-22 20:00:00	short	short	3.85835418	3.90385012	0.04549594
2023-08-23 00:00:00	short	short	-21.82652973	-22.08389814	-0.25736841
2023-08-25 20:00:00	short	short	-2.73166845	-2.76387903	-0.03221058
2023-08-26 00:00:00	short	short	0.44808896	0.45337262	0.00528366
2023-08-28 16:00:00	long	long	4.17921165	4.22849099	0.04927934
2023-08-29 20:00:00	long	long	-1.13772914	-1.15114472	-0.01341558
2023-08-31 16:00:00	short	short	4.12494419	4.17358364	0.04863945
2023-08-31 20:00:00	short	short	15.15055766	15.32920608	0.17864842
2023-09-04 00:00:00	long	long	-0.26976650	-0.27294746	-0.00318096
2023-09-05 04:00:00	long	long	2.71002846	2.74198387	0.03195541
2023-09-06 20:00:00	long	long	2.61061777	2.64140097	0.03078320
2023-09-07 00:00:00	long	long	-2.26243102	-2.28910856	-0.02667754
2023-09-08 16:00:00	short	short	5.47668917	5.54126777	0.06457860
2023-09-16 12:00:00	short	short	1.09984793	1.11281683	0.01296890
2023-09-18 04:00:00	short	short	2.50995364	2.53954986	0.02959622
2023-09-18 08:00:00	short	short	2.05126833	2.07545594	0.02418761
2023-09-18 12:00:00	short	short	1.94337537	1.96629076	0.02291539
2023-09-21 00:00:00	short	short	6.73084400	6.81021102	0.07936702
2023-09-21 16:00:00	short	short	-0.05813681	-0.05882234	-0.00068553
2023-09-25 00:00:00	short	short	4.31048017	4.36130737	0.05082720
2023-09-25 04:00:00	short	short	4.27429803	4.32469859	0.05040056
2023-09-25 08:00:00	short	short	-2.94494303	-2.97966844	-0.03472541
2023-09-25 20:00:00	long	long	4.77558030	4.83189174	0.05631144
2023-09-29 12:00:00	long	long	12.69796376	12.84769232	0.14972856
2023-10-02 16:00:00	short	short	25.99160587	26.29808695	0.30648108
2023-10-05 20:00:00	short	short	-7.34208313	-7.42865760	-0.08657447
2023-10-08 12:00:00	short	short	3.03510718	3.07089577	0.03578859
2023-10-08 16:00:00	short	short	-5.40589489	-5.46963872	-0.06374383
2023-10-08 20:00:00	long	long	-5.31675833	-5.37945111	-0.06269278
2023-10-09 12:00:00	short	short	3.28037947	3.31906020	0.03868073
2023-10-09 16:00:00	short	short	8.19894005	8.29561818	0.09667813
2023-10-11 04:00:00	long	long	-13.58458213	-13.74476528	-0.16018315
2023-10-16 20:00:00	short	short	-2.22270363	-2.24891273	-0.02620910
2023-10-17 16:00:00	short	short	11.00846911	11.13827592	0.12980681
2023-10-19 16:00:00	long	long	2.75276163	2.78522093	0.03245930
2023-10-22 12:00:00	short	short	-7.54878352	-7.63779531	-0.08901179
2023-10-28 16:00:00	short	short	3.05199097	3.08797864	0.03598767
2023-10-29 08:00:00	long	long	3.44338314	3.48398593	0.04060279
2023-10-29 20:00:00	short	short	-3.46673847	-3.50761666	-0.04087819
2023-10-30 00:00:00	short	short	-5.24925250	-5.31114928	-0.06189678
2023-10-30 04:00:00	short	short	3.54984893	3.59170712	0.04185819
2023-10-31 00:00:00	short	short	-6.39616363	-6.47158425	-0.07542062
2023-11-01 08:00:00	short	short	3.57879157	3.62099104	0.04219947
2023-11-02 00:00:00	long	long	10.42748275	10.55043884	0.12295609
2023-11-02 12:00:00	short	short	-7.88476779	-7.97774135	-0.09297356
2023-11-06 00:00:00	short	short	-4.26548388	-4.31578050	-0.05029662
2023-11-07 04:00:00	long	long	-4.25678377	-4.30697781	-0.05019404
2023-11-09 04:00:00	short	short	-3.67134553	-3.71463635	-0.04329082
2023-11-09 08:00:00	long	long	7.53886764	7.62776251	0.08889487
2023-11-09 20:00:00	long	long	4.15703944	4.20605734	0.04901790
2023-11-12 04:00:00	short	short	-6.42699214	-6.50277627	-0.07578413
2023-11-13 20:00:00	long	long	-11.29142633	-11.42456964	-0.13314331
2023-11-20 00:00:00	long	long	2.87571077	2.90961983	0.03390906
2023-11-20 12:00:00	long	long	-5.96641578	-6.03676901	-0.07035323
2023-11-20 20:00:00	long	long	-16.42084976	-16.61447688	-0.19362712
2023-11-21 20:00:00	long	long	27.07369994	27.39294057	0.31924063
2023-11-25 00:00:00	short	short	10.52279108	10.64687100	0.12407992
2023-11-27 08:00:00	short	short	11.41837292	11.55301313	0.13464021
2023-11-28 04:00:00	long	long	6.20577767	6.27895334	0.07317567
2023-12-01 08:00:00	long	long	76.10878462	77.00622444	0.89743982
2023-12-08 12:00:00	short	short	-6.63612753	-6.71437770	-0.07825017
2023-12-09 16:00:00	short	short	8.80198600	8.90577498	0.10378898
2023-12-11 04:00:00	short	short	48.20786225	48.77630721	0.56844496
2023-12-11 20:00:00	short	short	-2.35194708	-2.37968016	-0.02773308
2023-12-12 04:00:00	long	long	-12.63830430	-12.78732938	-0.14902508
2023-12-13 04:00:00	long	long	-8.22767596	-8.32469293	-0.09701697
2023-12-13 12:00:00	long	long	25.46567552	25.76595506	0.30027954
2023-12-15 20:00:00	long	long	13.13735866	13.29226836	0.15490970
2023-12-16 08:00:00	long	long	-11.71897658	-11.85716137	-0.13818479
2023-12-17 20:00:00	long	long	4.71244161	4.76800856	0.05556695
2023-12-18 00:00:00	long	long	-20.55166114	-20.79399689	-0.24233575
2023-12-18 08:00:00	short	short	-0.98193203	-0.99351052	-0.01157849
2023-12-20 00:00:00	long	long	11.11839514	11.24949815	0.13110301
2023-12-21 00:00:00	long	long	13.72839721	13.89027616	0.16187895
2023-12-21 04:00:00	long	long	35.96172449	36.38576862	0.42404413
2023-12-23 00:00:00	short	short	26.38347114	26.69457291	0.31110177
2023-12-27 04:00:00	long	long	-4.18807513	-4.23745899	-0.04938386
2023-12-29 16:00:00	long	long	-13.68357963	-13.84493012	-0.16135049
2024-01-01 08:00:00	short	short	-32.32323705	-32.70437781	-0.38114076
2024-01-07 20:00:00	long	long	6.29439761	6.36861826	0.07422065
2024-01-08 04:00:00	long	long	8.68679110	8.78922175	0.10243065
2024-01-08 20:00:00	long	long	108.63206343	109.91300282	1.28093939
2024-01-12 20:00:00	short	short	50.77387084	51.37257299	0.59870215
2024-01-20 00:00:00	long	long	-14.22726554	-14.39502692	-0.16776138
2024-01-22 04:00:00	short	short	4.45984612	4.51243457	0.05258845
2024-01-25 20:00:00	long	long	17.66497779	17.87327510	0.20829731
2024-01-29 20:00:00	long	long	17.16401938	17.36640961	0.20239023
2024-02-04 16:00:00	long	long	-6.88948350	-6.97072113	-0.08123763
2024-02-05 08:00:00	long	long	16.38228000	16.57545232	0.19317232
2024-02-05 20:00:00	short	short	-13.80522941	-13.96801433	-0.16278492
2024-02-06 20:00:00	long	long	7.92494418	8.01839148	0.09344730
2024-02-07 08:00:00	short	short	-39.27227263	-39.73535323	-0.46308060
2024-02-09 16:00:00	long	long	-6.86100481	-6.94190663	-0.08090182
2024-02-10 00:00:00	short	short	-9.22102340	-9.32975347	-0.10873007
2024-02-12 20:00:00	long	long	86.28117065	87.29855857	1.01738792
2024-02-18 16:00:00	short	short	4.99833607	5.05727415	0.05893808
2024-02-19 08:00:00	long	long	12.78542089	12.93618070	0.15075981
2024-02-20 20:00:00	short	short	-29.18383077	-29.52795310	-0.34412233
2024-02-23 04:00:00	short	short	4.58555278	4.63962351	0.05407073
2024-02-26 20:00:00	long	long	46.20807951	46.75294395	0.54486444
2024-02-28 16:00:00	short	short	-24.32557859	-24.61241464	-0.28683605
2024-03-04 16:00:00	short	short	-14.27169956	-14.43998488	-0.16828532
2024-03-06 12:00:00	long	long	29.21216096	29.55661735	0.34445639
2024-03-08 20:00:00	short	short	-13.90417272	-14.06812434	-0.16395162
2024-03-11 12:00:00	long	long	-36.40857766	-36.83789088	-0.42931322
2024-03-13 12:00:00	short	short	3.33890664	3.37827749	0.03937085
2024-03-13 20:00:00	short	short	19.24761062	19.47456960	0.22695898
2024-03-15 04:00:00	long	long	-12.04411307	-12.18613172	-0.14201865
2024-03-15 08:00:00	short	short	39.12042183	39.58171187	0.46129004
2024-03-17 08:00:00	long	long	-8.89461861	-8.99949986	-0.10488125
2024-03-17 16:00:00	long	long	-8.93569381	-9.04105941	-0.10536560
2024-03-18 20:00:00	long	long	-30.92643638	-31.29110671	-0.36467033
2024-03-20 12:00:00	long	long	82.98040314	83.95886993	0.97846679
2024-03-28 00:00:00	short	short	-25.83611983	-26.14076749	-0.30464766
2024-03-28 12:00:00	long	long	-23.23749904	-23.51150496	-0.27400592
2024-03-30 16:00:00	long	long	-9.72848876	-9.84320263	-0.11471387
2024-03-31 08:00:00	long	long	5.83728226	5.90611281	0.06883055
2024-03-31 12:00:00	long	long	-40.96312221	-41.44614053	-0.48301832
2024-04-05 08:00:00	long	long	92.90522353	94.00071924	1.09549571
2024-04-10 00:00:00	long	long	0.63370091	0.64117322	0.00747231
2024-04-11 16:00:00	short	short	-4.27908881	-4.32954586	-0.05045705
2024-04-12 08:00:00	long	long	-10.35159529	-10.47365654	-0.12206125
2024-04-16 12:00:00	long	long	-33.40577696	-33.79968254	-0.39390558
2024-04-16 20:00:00	short	short	-41.14787339	-41.63307021	-0.48519682
2024-04-23 04:00:00	short	short	6.27820982	6.35223959	0.07402977
2024-04-24 16:00:00	long	long	-32.10980832	-32.48843243	-0.37862411
2024-04-24 20:00:00	short	short	15.39033572	15.57181149	0.18147577
2024-04-27 08:00:00	long	long	11.97748435	12.11871734	0.14123299
2024-04-30 16:00:00	short	short	-22.70209620	-22.96978889	-0.26769269
2024-05-03 20:00:00	long	long	15.06727749	15.24494391	0.17766642
2024-05-04 20:00:00	short	short	-3.91737477	-3.96356665	-0.04619188
2024-05-05 16:00:00	short	short	4.14743661	4.19634128	0.04890467
2024-05-06 04:00:00	long	long	3.94144766	3.98792340	0.04647574
2024-05-06 08:00:00	short	short	-14.65683051	-14.82965713	-0.17282662
2024-05-06 12:00:00	long	long	-14.24188013	-14.40981384	-0.16793371
2024-05-06 20:00:00	long	long	-28.82823907	-29.16816842	-0.33992935
2024-05-09 20:00:00	long	long	10.26060318	10.38159150	0.12098832
2024-05-13 08:00:00	long	long	13.62984438	13.79056124	0.16071686
2024-05-13 12:00:00	long	long	-20.87292609	-21.11905005	-0.24612396
2024-05-23 20:00:00	short	short	1.71219615	1.73238558	0.02018943
2024-05-27 00:00:00	long	long	-5.63138125	-5.69778391	-0.06640266
2024-05-27 04:00:00	short	short	-13.14825294	-13.30329110	-0.15503816
2024-05-27 08:00:00	long	long	-21.85342577	-22.11111132	-0.25768555
2024-05-31 20:00:00	short	short	39.75730535	40.22610523	0.46879988
2024-06-09 20:00:00	short	short	-6.26196646	-6.33580470	-0.07383824
2024-06-10 16:00:00	long	long	4.14792746	4.19683792	0.04891046
2024-06-10 20:00:00	long	long	-50.17078228	-50.76237309	-0.59159081
2024-06-15 04:00:00	long	long	3.29558481	3.33444483	0.03886002
2024-06-20 12:00:00	long	long	-13.46667110	-13.62546390	-0.15879280
2024-06-27 00:00:00	long	long	-12.13266513	-12.27572795	-0.14306282
2024-06-28 12:00:00	short	short	-7.36555702	-7.45240829	-0.08685127
2024-07-02 00:00:00	short	short	20.77339303	21.01834334	0.24495031
2024-07-03 08:00:00	short	short	68.43823913	69.24523140	0.80699227
2024-07-08 04:00:00	long	long	16.28428335	16.47630014	0.19201679
2024-07-08 08:00:00	long	long	70.31917553	71.14834694	0.82917141
2024-07-10 12:00:00	short	short	-11.67831933	-11.81602470	-0.13770537
2024-07-12 20:00:00	long	long	128.19825214	129.70990703	1.51165489
2024-07-22 04:00:00	short	short	13.47734953	13.63626824	0.15891871
2024-07-22 20:00:00	short	short	-15.16152151	-15.34029921	-0.17877770
2024-07-23 04:00:00	short	short	-20.11554356	-20.35273680	-0.23719324
2024-07-23 20:00:00	short	short	71.51566400	72.35894385	0.84327985
2024-07-28 12:00:00	long	long	8.70694987	8.80961823	0.10266836
2024-07-28 16:00:00	long	long	9.53851708	9.65099089	0.11247381
2024-07-29 20:00:00	short	short	42.25820345	42.75649277	0.49828932
2024-08-02 20:00:00	short	short	224.75007871	227.40022838	2.65014967
2024-08-05 20:00:00	long	long	-59.39786100	-60.09825329	-0.70039229
2024-08-08 08:00:00	long	long	96.79512916	97.93649285	1.14136369
2024-08-10 20:00:00	short	short	-22.43125542	-22.69575448	-0.26449906
2024-08-12 20:00:00	long	long	-16.97365756	-17.17380313	-0.20014557
2024-08-14 20:00:00	short	short	56.09489663	56.75634188	0.66144525
2024-08-19 00:00:00	long	long	-15.50117321	-15.68395593	-0.18278272
2024-08-20 16:00:00	short	short	-60.96831440	-61.68722476	-0.71891036
2024-08-27 16:00:00	short	short	64.60652720	65.36833768	0.76181048
2024-08-31 00:00:00	long	long	-61.11638966	-61.83704605	-0.72065639
2024-09-10 00:00:00	long	long	-16.96471894	-17.16475911	-0.20004017
2024-09-13 16:00:00	short	short	-57.93848854	-58.62167258	-0.68318404
2024-09-15 16:00:00	short	short	6.02977681	6.10087717	0.07110036
2024-09-16 00:00:00	short	short	14.23269115	14.40051651	0.16782536
2024-09-16 04:00:00	short	short	-41.46979261	-41.95878536	-0.48899275
2024-09-17 20:00:00	long	long	-43.70374075	-44.21907518	-0.51533443
2024-09-23 08:00:00	long	long	-37.92482232	-38.37201440	-0.44719208
2024-09-25 20:00:00	short	short	8.53184003	8.63244356	0.10060353
2024-09-27 20:00:00	long	long	-15.91602662	-16.10370109	-0.18767447
2024-10-01 20:00:00	short	short	84.78605547	85.78581369	0.99975822
2024-10-03 16:00:00	long	long	48.95613500	49.53340326	0.57726826
2024-10-07 16:00:00	long	long	-2.01023278	-2.03393652	-0.02370374
2024-10-07 20:00:00	short	short	37.11625642	37.55391426	0.43765784
2024-10-10 16:00:00	long	long	97.80688602	98.96017989	1.15329387
2024-10-15 20:00:00	short	short	-23.52336114	-23.80073781	-0.27737667
2024-10-17 20:00:00	long	long	-19.65790000	-19.88969693	-0.23179693
2024-10-18 08:00:00	short	short	-25.60467119	-25.90658971	-0.30191852
2024-10-18 20:00:00	long	long	14.82828447	15.00313279	0.17484832
2024-10-21 04:00:00	long	long	-26.11584719	-26.42379326	-0.30794607
2024-10-23 20:00:00	short	short	-3.60317449	-3.64566147	-0.04248698
2024-10-25 16:00:00	long	long	-35.33880200	-35.75550091	-0.41669891
2024-10-27 20:00:00	long	long	10.73092623	10.85746039	0.12653416
2024-10-28 08:00:00	short	short	-18.45616662	-18.67379326	-0.21762664
2024-10-28 20:00:00	short	short	-15.76845551	-15.95438990	-0.18593439
2024-10-31 00:00:00	short	short	-15.42445031	-15.60632834	-0.18187803
2024-11-01 20:00:00	short	short	-9.38492888	-9.49559165	-0.11066277
2024-11-03 08:00:00	short	short	2.71870832	2.75076608	0.03205776
2024-11-03 20:00:00	long	long	5.71273689	5.78009885	0.06736196
2024-11-04 00:00:00	long	long	335.79146446	339.75096314	3.95949868
2024-11-15 04:00:00	short	short	-49.49808859	-50.08174731	-0.58365872
2024-11-16 16:00:00	long	long	-47.15383546	-47.70985182	-0.55601636
2024-11-18 20:00:00	long	long	-9.45913981	-9.57067765	-0.11153784
2024-11-21 00:00:00	short	short	-38.26108190	-38.71223900	-0.45115710
2024-11-23 16:00:00	short	short	-63.27135885	-64.01742565	-0.74606680
2024-12-02 08:00:00	short	short	-9.93836914	-10.05555783	-0.11718869
2024-12-02 20:00:00	long	long	-17.34069486	-17.54516837	-0.20447351
2024-12-04 12:00:00	short	short	-59.58595664	-60.28856687	-0.70261023
2024-12-06 04:00:00	long	long	52.57368488	53.19360962	0.61992474
2024-12-09 08:00:00	short	short	19.98863364	20.22433042	0.23569678
2024-12-09 20:00:00	short	short	74.90339507	75.78662149	0.88322642
2024-12-11 00:00:00	long	long	92.20077725	93.28796646	1.08718921
2024-12-30 04:00:00	long	long	10.62168560	10.74693163	0.12524603
2024-12-30 08:00:00	long	long	-24.17092849	-24.45594098	-0.28501249
2025-01-03 04:00:00	long	long	-11.89812080	-12.03841798	-0.14029718
2025-01-03 12:00:00	short	short	-18.82672859	-19.04872473	-0.22199614
2025-01-03 20:00:00	long	long	37.48717847	37.92921005	0.44203158
2025-01-06 12:00:00	short	short	-22.80655306	-23.07547745	-0.26892439
2025-01-09 20:00:00	long	long	-62.10435208	-62.83665807	-0.73230599
2025-01-10 00:00:00	short	short	-62.01652190	-62.74779223	-0.73127033
2025-01-10 20:00:00	short	short	-31.51057374	-31.88213195	-0.37155821
2025-01-12 16:00:00	long	long	11.21538993	11.34763665	0.13224672
2025-01-13 08:00:00	long	long	-45.13205245	-45.66422888	-0.53217643
2025-01-15 20:00:00	long	long	20.09083495	20.32773685	0.23690190
2025-01-18 08:00:00	short	short	-1.45564847	-1.47281281	-0.01716434
2025-01-19 20:00:00	long	long	-58.75462429	-59.44743182	-0.69280753
2025-01-20 04:00:00	short	short	-56.36331108	-57.02792135	-0.66461027
2025-01-21 00:00:00	long	long	-54.06932432	-54.70688495	-0.63756063
2025-01-23 20:00:00	long	long	-18.76554617	-18.98682086	-0.22127469
2025-01-24 00:00:00	short	short	-22.32041361	-22.58360568	-0.26319207
2025-01-27 04:00:00	short	short	-41.77500318	-42.26759483	-0.49259165
2025-02-03 00:00:00	short	short	164.81674169	166.76018498	1.94344329
2025-02-06 16:00:00	short	short	84.63843820	85.63645578	0.99801758
2025-02-10 04:00:00	long	long	-12.08791052	-12.23044561	-0.14253509
2025-02-12 20:00:00	short	short	-11.98393929	-12.12524839	-0.14130910
2025-02-17 12:00:00	short	short	-57.66936316	-58.34937379	-0.68001063
2025-02-18 00:00:00	short	short	-12.40929739	-12.55562212	-0.14632473
2025-02-21 20:00:00	long	long	31.00000444	31.36554225	0.36553781
2025-02-23 12:00:00	long	long	-35.71196195	-36.13306100	-0.42109905
2025-02-24 08:00:00	short	short	155.20688720	157.03701551	1.83012831
2025-03-03 00:00:00	long	long	-60.94230531	-61.66090898	-0.71860367
2025-03-07 08:00:00	long	long	35.31619659	35.73262896	0.41643237
2025-03-19 00:00:00	long	long	65.48048573	66.25260153	0.77211580
2025-03-22 16:00:00	short	short	9.78711947	9.90252468	0.11540521
2025-03-23 04:00:00	short	short	-13.19015722	-13.34568949	-0.15553227
2025-03-24 08:00:00	long	long	17.86058350	18.07118730	0.21060380
2025-03-25 00:00:00	long	long	-57.69136462	-58.37163468	-0.68027006
2025-03-26 20:00:00	short	short	150.92748565	152.70715322	1.77966757
2025-03-31 04:00:00	long	long	-24.48924653	-24.77801247	-0.28876594
2025-04-09 12:00:00	long	long	156.80955501	158.65858124	1.84902623
2025-04-14 20:00:00	short	short	46.59248051	47.14187764	0.54939713
2025-04-18 12:00:00	long	long	13.48257758	13.64155794	0.15898036
2025-04-22 20:00:00	long	long	86.89199766	87.91658817	1.02459051
2025-04-26 16:00:00	short	short	-78.31450642	-79.23795510	-0.92344868
2025-04-27 08:00:00	short	short	31.20979867	31.57781027	0.36801160
2025-04-28 20:00:00	short	short	-57.85708018	-58.53930429	-0.68222411
2025-05-03 00:00:00	short	short	-0.06637949	-0.06716221	-0.00078272
2025-05-04 00:00:00	long	long	-7.41160171	-7.49899591	-0.08739420
2025-05-04 08:00:00	short	short	-9.89522676	-10.01190672	-0.11667996
2025-05-05 12:00:00	long	long	-32.71728065	-33.10306779	-0.38578714
2025-05-07 00:00:00	long	long	897.41278290	907.99466214	10.58187924
2025-05-14 00:00:00	short	short	186.06926193	188.26330518	2.19404325
2025-05-19 00:00:00	short	short	-116.10159799	-117.47061469	-1.36901670
2025-05-21 20:00:00	long	long	-33.29206676	-33.68463151	-0.39256475
2025-05-25 16:00:00	long	long	127.80565653	129.31268212	1.50702559
2025-06-01 20:00:00	long	long	-30.99980465	-31.36534011	-0.36553546
2025-06-02 00:00:00	long	long	-51.81425130	-52.42522115	-0.61096985
2025-06-02 16:00:00	short	short	-29.95785069	-30.31109990	-0.35324921
2025-06-02 20:00:00	long	long	84.41440671	85.40978261	0.99537590
2025-06-05 16:00:00	long	long	19.05057395	19.27520956	0.22463561
2025-06-09 04:00:00	short	short	29.09254425	29.43559016	0.34304591
2025-06-09 12:00:00	long	long	10.96582879	11.09513281	0.12930402
2025-06-09 16:00:00	long	long	14.33338280	14.50239546	0.16901266
2025-06-10 00:00:00	long	long	105.78141591	107.02874177	1.24732586
2025-06-14 04:00:00	long	long	-31.24528767	-31.61371774	-0.36843007
2025-06-15 04:00:00	long	long	-29.51224330	-29.86023811	-0.34799481
2025-06-16 04:00:00	long	long	63.98475587	64.73923472	0.75447885
2025-06-16 12:00:00	long	long	-121.49457031	-122.92717847	-1.43260816
2025-06-19 16:00:00	long	long	-16.46646154	-16.66062649	-0.19416495
2025-06-20 12:00:00	long	long	-37.80393285	-38.24969946	-0.44576661
2025-06-26 08:00:00	long	long	-81.69648942	-82.65981689	-0.96332747
2025-06-29 20:00:00	short	short	-30.32263839	-30.68018901	-0.35755062
2025-06-30 04:00:00	long	long	-109.78175774	-111.07625380	-1.29449606
2025-07-02 20:00:00	long	long	62.93957891	63.68173351	0.74215460
2025-07-06 00:00:00	long	long	89.63559834	90.69254013	1.05694179
2025-07-07 04:00:00	long	long	-33.57091421	-33.96676701	-0.39585280
2025-07-09 08:00:00	short	short	-26.43853992	-26.75029104	-0.31175112
2025-07-10 00:00:00	long	long	211.26913423	213.76032280	2.49118857
2025-07-11 16:00:00	short	short	-53.36929475	-53.99860095	-0.62930620
2025-07-14 08:00:00	long	long	-24.13385957	-24.41843495	-0.28457538
2025-07-14 20:00:00	short	short	-38.49156140	-38.94543620	-0.45387480
2025-07-16 00:00:00	short	short	-54.10754015	-54.74555140	-0.63801125
2025-07-16 04:00:00	long	long	501.19884085	507.10874732	5.90990647
2025-07-27 12:00:00	short	short	-42.93165326	-43.43788359	-0.50623033
2025-07-27 16:00:00	long	long	-41.85108369	-42.34457244	-0.49348875
2025-08-02 12:00:00	long	long	-127.70469251	-129.21052758	-1.50583507
2025-08-04 20:00:00	long	long	19.11478897	19.34018178	0.22539281
2025-08-07 16:00:00	long	long	662.45523090	670.26659863	7.81136773
2025-08-17 20:00:00	short	short	336.84033906	340.81220558	3.97186652
2025-08-20 08:00:00	long	long	-32.72640548	-33.11230022	-0.38589474
2025-08-21 20:00:00	long	long	534.51276983	540.81549885	6.30272902
2025-08-25 00:00:00	short	short	282.23444839	285.56242734	3.32797895
2025-08-29 04:00:00	long	long	-44.92779504	-45.45756296	-0.52976792
2025-08-30 08:00:00	long	long	-66.32410271	-67.10616606	-0.78206335
2025-09-02 20:00:00	short	short	-86.93996036	-87.96511643	-1.02515607
2025-09-03 16:00:00	long	long	33.77055795	34.16876485	0.39820690
2025-09-10 20:00:00	long	long	85.23854937	86.24364318	1.00509381
2025-09-21 20:00:00	long	long	11.70814240	11.84619944	0.13805704
2025-09-24 12:00:00	long	long	-119.29041457	-120.69703233	-1.40661776
2025-09-28 20:00:00	long	long	38.61607292	39.07141591	0.45534299
2025-10-01 16:00:00	long	long	360.01854695	364.26372025	4.24517330
2025-10-10 00:00:00	long	long	-204.48915281	-206.90039495	-2.41124214
2025-10-14 16:00:00	long	long	35.95088876	36.37480512	0.42391636
2025-10-17 00:00:00	short	short	84.35976870	85.35450033	0.99473163
2025-10-17 20:00:00	long	long	117.26133260	118.64402436	1.38269176
2025-10-22 04:00:00	short	short	-86.75421828	-87.77718417	-1.02296589
2025-10-24 20:00:00	short	short	-202.30472760	-204.69021201	-2.38548441
2025-10-26 20:00:00	long	long	-11.59137894	-11.72805915	-0.13668021
2025-10-29 00:00:00	short	short	114.22993936	115.57688632	1.34694696
2025-10-30 12:00:00	long	long	-75.49287169	-76.38304895	-0.89017726
2025-10-30 16:00:00	short	short	-14.74201273	-14.91584377	-0.17383104
2025-11-02 16:00:00	long	long	-51.59040268	-52.19873301	-0.60833033
2025-11-03 08:00:00	short	short	505.76993507	511.73374178	5.96380671
2025-11-05 08:00:00	long	long	-120.83380529	-122.25862201	-1.42481672
2025-11-07 16:00:00	short	short	-156.99948969	-158.85075555	-1.85126586
2025-11-11 20:00:00	short	short	-135.53483307	-137.13299756	-1.59816449
2025-11-12 20:00:00	short	short	633.51789169	640.98804362	7.47015193
2025-11-27 04:00:00	long	long	-30.52747410	-30.88744005	-0.35996595
2025-11-30 20:00:00	short	short	42.85699901	43.36234905	0.50535004
2025-12-01 00:00:00	short	short	17.68368017	17.89219800	0.20851783
2025-12-01 04:00:00	short	short	117.60593182	118.99268693	1.38675511
2025-12-06 00:00:00	short	short	17.35120314	17.55580056	0.20459742
2025-12-07 20:00:00	long	long	150.61162128	152.38756433	1.77594305
2025-12-08 08:00:00	long	long	-78.08628324	-79.00704082	-0.92075758
2025-12-12 20:00:00	short	short	-44.07895845	-44.59871727	-0.51975882
2025-12-15 08:00:00	long	long	92.42489221	93.51472407	1.08983186
2025-12-15 20:00:00	short	short	159.55694907	161.43837130	1.88142223
2025-12-24 20:00:00	long	long	75.01981397	75.90441315	0.88459918
2025-12-30 16:00:00	long	long	-60.97518893	-61.69418034	-0.71899141
2026-01-02 16:00:00	long	long	330.39098716	334.28680589	3.89581873
2026-01-06 12:00:00	short	short	-107.22394666	-108.48828218	-1.26433552
2026-01-07 04:00:00	long	long	-140.85377585	-142.51465886	-1.66088301
2026-01-11 16:00:00	long	long	15.12502344	15.30337077	0.17834733
2026-01-12 04:00:00	long	long	33.97125973	34.37183322	0.40057349
2026-01-12 08:00:00	long	long	-61.25113683	-61.97338210	-0.72224527
2026-01-12 20:00:00	long	long	99.95240362	101.13099645	1.17859283
2026-01-16 00:00:00	long	long	58.05955041	58.74416195	0.68461154
2026-01-17 20:00:00	short	short	28.31083642	28.64466479	0.33382837
2026-01-19 04:00:00	short	short	78.49219640	79.41774032	0.92554392
2026-01-20 12:00:00	short	short	449.53740873	454.83814733	5.30073860
2026-01-22 00:00:00	short	short	221.30994011	223.91952524	2.60958513
2026-01-23 20:00:00	long	long	-32.07094821	-32.44911410	-0.37816589
2026-01-26 00:00:00	short	short	-280.35191162	-283.65769256	-3.30578094
2026-02-04 00:00:00	long	long	289.04831847	292.45664345	3.40832498
2026-02-22 20:00:00	long	long	90.38577527	91.45156281	1.06578754
2026-03-06 20:00:00	short	short	117.07101923	118.45146691	1.38044768
2026-03-08 20:00:00	long	long	-4.93650241	-4.99471137	-0.05820896
2026-03-09 08:00:00	long	long	50.98798830	365.81966261	314.83167431
2026-03-10 04:00:00	short		-150.76017126	0.00000000	150.76017126
