"symbol","signal_time_shanghai","entry_time_shanghai","exit_time_shanghai","direction","exit_policy","exit_reason","zero_net_r","stress_net_r","cost_r","loss_class","initial_risk","entry_price","exit_price","rsi","volume_ratio","families"
"IOST-USDT-SWAP","2026-03-23 02:30","2026-03-23 02:45","2026-03-23 03:00","long","CounterTrendStructureV4","stop_loss",-1.0,-1.392654545454536,0.39265454545453604,"gross_loss",0.000004400000000000107,0.001082,0.0010776,33.028258071446885,19.958767268862914,"rsi_bullish_divergence"
"KSM-USDT-SWAP","2026-04-05 13:30","2026-04-05 13:45","2026-04-05 13:45","long","CounterTrendStructureV4","stop_loss",-1.0,-1.3828235294117568,0.3828235294117568,"gross_loss",0.017000000000000348,4.076,4.058999999999999,24.04286996597061,9.146026196572778,"rsi_bullish_divergence"
"TRX-USDT-SWAP","2025-07-20 05:15","2025-07-20 05:30","2025-07-20 08:00","long","DivergenceRegime","stop_loss",-1.0,-1.3630399999999967,0.3630399999999967,"gross_loss",0.0014000000000000123,0.31836,0.31695999999999996,30.476281318873873,3.815517239823618,"rsi_bullish_divergence"
"TRX-USDT-SWAP","2026-02-01 01:00","2026-02-01 01:15","2026-02-01 02:30","long","CounterTrendStructureV4","stop_loss",-1.0,-1.3608253968254016,0.3608253968254016,"gross_loss",0.0012599999999999834,0.28478,0.28352,21.387456000468347,3.5826042807898886,"rsi_bullish_divergence"
"ATOM-USDT-SWAP","2026-03-26 17:30","2026-03-26 17:45","2026-03-26 19:15","long","CounterTrendStructureV4","stop_loss",-1.0,-1.3042666666666702,0.30426666666667024,"gross_loss",0.008999999999999897,1.716,1.707,34.57766745482036,3.059019358020632,"rsi_bullish_divergence"
"YFI-USDT-SWAP","2025-07-01 22:15","2025-07-01 22:30","2025-07-01 22:45","long","DivergenceRegime","stop_loss",-1.0,-1.304246153846154,0.30424615384615405,"gross_loss",26.0,4957.0,4931.0,31.74826163897717,3.282808440790435,"rsi_bullish_divergence"
"AUCTION-USDT-SWAP","2026-05-12 20:30","2026-05-12 20:45","2026-05-12 21:45","long","DivergenceRegime","stop_loss",-1.0,-1.2936592592592577,0.29365925925925773,"gross_loss",0.027000000000000135,4.969,4.942,31.43546663114934,6.6705445469823985,"rsi_bullish_divergence"
"ETC-USDT-SWAP","2025-07-01 15:15","2025-07-01 15:30","2025-07-01 17:30","long","DivergenceRegime","stop_loss",-1.0,-1.2886222222222226,0.28862222222222256,"gross_loss",0.08999999999999986,16.28,16.19,30.982030204827794,4.412357463204709,"rsi_bullish_divergence"
"BTC-USDT-SWAP","2026-02-16 01:45","2026-02-16 02:00","2026-02-16 03:00","long","DivergenceRegime","stop_loss",-1.0,-1.2880639999999999,0.2880639999999999,"gross_loss",380.0,68605.2,68225.2,28.821611954656774,9.523539831031224,"rsi_bullish_divergence"
"TRX-USDT-SWAP","2025-08-08 09:00","2025-08-08 09:15","2025-08-09 21:30","long","Fixed","stop_loss",-1.0,-1.2864851063829799,0.28648510638297986,"gross_loss",0.0018799999999999928,0.33756,0.33568000000000003,39.9683874564779,7.441647303091853,"rsi_bullish_divergence"
"ETC-USDT-SWAP","2026-06-15 00:45","2026-06-15 01:00","2026-06-15 02:00","long","CounterTrendStructureV4","stop_loss",-1.0,-1.2850256410256433,0.2850256410256433,"gross_loss",0.0389999999999997,6.967,6.928,24.001932007425665,8.502929342838991,"rsi_bullish_divergence"
"IOST-USDT-SWAP","2026-03-26 17:30","2026-03-26 17:45","2026-03-26 18:30","long","CounterTrendStructureV4","stop_loss",-1.0,-1.2806426229508205,0.28064262295082054,"gross_loss",0.000006099999999999986,0.001073,0.0010669,31.11246862642379,5.319106566200215,"rsi_bullish_divergence"
"ADA-USDT-SWAP","2026-04-05 19:00","2026-04-05 19:15","2026-04-05 20:30","long","CounterTrendStructureV4","stop_loss",-1.0,-1.275085714285712,0.27508571428571194,"gross_loss",0.0014000000000000123,0.2414,0.24,37.91340477931356,11.918397390147849,"rsi_bullish_divergence"
"BNB-USDT-SWAP","2026-01-07 23:15","2026-01-07 23:30","2026-01-08 03:00","long","DivergenceRegime","stop_loss",-1.0,-1.270747169811323,0.2707471698113231,"gross_loss",5.2999999999999545,899.5,894.2,34.57313378091078,4.412820680201058,"rsi_bullish_divergence"
"BCH-USDT-SWAP","2026-01-31 16:15","2026-01-31 16:30","2026-01-31 16:30","long","CounterTrendStructureV4","stop_loss",-1.0,-1.2597090909090944,0.25970909090909444,"gross_loss",3.2999999999999545,537.3,534.0,26.749213354220643,3.4669926919666714,"rsi_bullish_divergence"
"BABY-USDT-SWAP","2025-12-24 15:00","2025-12-24 15:15","2025-12-24 16:15","long","CounterTrendStructureV4","stop_loss",-1.0,-1.2577600000000015,0.25776000000000154,"gross_loss",0.0000999999999999994,0.01616,0.01606,26.131756656117062,7.1428494158373,"rsi_bullish_divergence"
"BABY-USDT-SWAP","2025-12-15 05:45","2025-12-15 06:00","2025-12-15 07:00","long","CounterTrendStructureV4","stop_loss",-1.0,-1.257236363636366,0.25723636363636593,"gross_loss",0.00010999999999999899,0.01774,0.01763,34.994406520509486,5.191821240107977,"rsi_bullish_divergence"
"POL-USDT-SWAP","2026-04-29 23:15","2026-04-29 23:30","2026-04-30 00:15","long","DivergenceRegime","stop_loss",-1.0,-1.255649122807017,0.255649122807017,"gross_loss",0.0005700000000000011,0.09136,0.09079,39.90635339463215,11.592540368433024,"rsi_bullish_divergence"
"ONE-USDT-SWAP","2026-07-16 19:45","2026-07-16 20:00","2026-07-16 20:30","long","CounterTrendStructureV4","stop_loss",-1.0,-1.2540571428571405,0.25405714285714054,"gross_loss",0.000007000000000000062,0.001115,0.001108,33.0521823230397,9.969730565940441,"rsi_bullish_divergence"
"LAYER-USDT-SWAP","2026-03-29 23:30","2026-03-29 23:45","2026-03-30 01:15","long","CounterTrendStructureV4","stop_loss",-1.0,-1.2509666666666697,0.25096666666666967,"gross_loss",0.0004799999999999943,0.07553,0.07505,33.116888003666986,4.40431130612948,"rsi_bullish_divergence"
"YFI-USDT-SWAP","2026-01-29 05:00","2026-01-29 05:15","2026-01-29 06:15","long","CounterTrendStructureV4","stop_loss",-1.0,-1.2495619047619049,0.24956190476190487,"gross_loss",21.0,3286.0,3265.0,35.855511426342304,4.066184221476323,"rsi_bullish_divergence"
"BLUR-USDT-SWAP","2026-03-26 17:30","2026-03-26 17:45","2026-03-26 18:00","long","CounterTrendStructureV4","stop_loss",-1.0,-1.2450666666666697,0.24506666666666965,"gross_loss",0.00011999999999999858,0.01844,0.018320000000000003,26.20073042585787,3.1291019461643623,"rsi_bullish_divergence"
"ADA-USDT-SWAP","2026-06-01 19:45","2026-06-01 20:00","2026-06-01 21:00","long","CounterTrendStructureV4","stop_loss",-1.0,-1.2447466666666664,0.24474666666666645,"gross_loss",0.0015000000000000013,0.2302,0.2287,32.2312436275527,5.177706726377317,"rsi_bullish_divergence"
"DOGE-USDT-SWAP","2026-03-26 17:30","2026-03-26 17:45","2026-03-26 23:00","long","DivergenceRegime","stop_loss",-1.0,-1.2393836065573773,0.23938360655737734,"gross_loss",0.0006099999999999994,0.09157,0.09096,20.153039226400068,5.870345037587728,"rsi_bullish_divergence"
"BTC-USDT-SWAP","2025-10-31 01:15","2025-10-31 01:30","2025-10-31 03:30","long","CounterTrendStructureV4","stop_loss",-1.0,-1.2368864474961871,0.23688644749618715,"gross_loss",720.8999999999942,107092.6,106371.70000000001,30.634064073999298,4.050650310653128,"rsi_bullish_divergence"
"DOT-USDT-SWAP","2025-07-04 22:00","2025-07-04 22:15","2025-07-04 23:15","long","DivergenceRegime","stop_loss",-1.0,-1.232303448275861,0.23230344827586102,"gross_loss",0.02320000000000011,3.38,3.3568,21.153421177046667,8.55735519120684,"rsi_bullish_divergence"
"BTC-USDT-SWAP","2026-01-31 22:45","2026-01-31 23:00","2026-02-01 00:00","long","CounterTrendStructureV4","stop_loss",-1.0,-1.2283691874780138,0.22836918747801382,"gross_loss",568.6000000000058,81441.0,80872.4,28.82528771716028,5.431614303464503,"rsi_bullish_divergence"
"ETC-USDT-SWAP","2026-05-12 20:30","2026-05-12 20:45","2026-05-12 21:45","long","DivergenceRegime","stop_loss",-1.0,-1.225014925373134,0.22501492537313394,"gross_loss",0.06700000000000017,9.456,9.389,35.50195846252694,7.688564476885646,"rsi_bullish_divergence"
"TURBO-USDT-SWAP","2026-04-05 21:30","2026-04-05 21:45","2026-04-05 23:00","long","CounterTrendStructureV4","stop_loss",-1.0,-1.2243462686567166,0.22434626865671659,"gross_loss",0.0000067,0.0009428,0.0009361,27.232202081146085,8.564724330075883,"rsi_bullish_divergence"
"BAT-USDT-SWAP","2025-07-02 01:30","2025-07-02 01:45","2025-07-02 02:15","long","DivergenceRegime","stop_loss",-1.0,-1.2220965517241391,0.2220965517241391,"gross_loss",0.0008699999999999958,0.1212,0.12033,39.42720809318701,4.422793871679936,"rsi_bullish_divergence"
"FLOW-USDT-SWAP","2026-04-11 16:30","2026-04-11 16:45","2026-04-11 18:30","long","DivergenceRegime","stop_loss",-1.0,-1.2200695652173903,0.2200695652173903,"gross_loss",0.00023000000000000104,0.03175,0.03152,33.2156877809427,5.398062059500346,"rsi_bullish_divergence"
"SATS-USDT-SWAP","2026-03-26 17:30","2026-03-26 17:45","2026-03-26 18:00","long","DivergenceRegime","stop_loss",-1.0,-1.2198000000000007,0.21980000000000066,"gross_loss",7.999999999999972E-11,1.103E-8,1.095E-8,30.5434857563731,5.520175467747832,"rsi_bullish_divergence"
"WIF-USDT-SWAP","2026-04-05 15:30","2026-04-05 15:45","2026-04-05 16:45","long","DivergenceRegime","stop_loss",-1.0,-1.2172923076923083,0.21729230769230834,"gross_loss",0.0012999999999999956,0.1772,0.1759,29.665731404878002,3.634678852895916,"rsi_bullish_divergence"
"RSR-USDT-SWAP","2026-06-30 19:30","2026-06-30 19:45","2026-06-30 20:00","long","CounterTrendStructureV4","stop_loss",-1.0,-1.2172000000000007,0.21720000000000073,"gross_loss",0.000007999999999999978,0.00109,0.001082,31.844189789499836,4.523365452296778,"rsi_bullish_divergence"
"SSV-USDT-SWAP","2026-04-12 18:15","2026-04-12 18:30","2026-04-12 21:00","long","CounterTrendStructureV4","stop_loss",-1.0,-1.2146999999999997,0.21469999999999967,"gross_loss",0.016000000000000014,2.155,2.139,31.54312016110522,5.987527694513228,"rsi_bullish_divergence"
"DOGE-USDT-SWAP","2025-07-04 22:15","2025-07-04 22:30","2025-07-04 23:00","long","DivergenceRegime","stop_loss",-1.0,-1.213665040650405,0.21366504065040504,"gross_loss",0.0012300000000000089,0.16487,0.16363999999999998,33.72806408102393,3.2050946384424677,"rsi_bullish_divergence"
"LTC-USDT-SWAP","2025-09-14 11:30","2025-09-14 11:45","2025-09-14 19:30","long","DivergenceRegime","stop_loss",-1.0,-1.2090337078651683,0.20903370786516828,"gross_loss",0.8900000000000006,116.72,115.83,28.265286308485884,4.870013422818791,"rsi_bullish_divergence"
"ZRX-USDT-SWAP","2026-03-23 05:15","2026-03-23 05:30","2026-03-23 06:00","long","CounterTrendStructureV4","stop_loss",-1.0,-1.2067733333333333,0.20677333333333325,"gross_loss",0.0007500000000000007,0.0973,0.09655,28.353017143450643,4.626680969075402,"rsi_bullish_divergence"
"ONT-USDT-SWAP","2026-04-27 18:45","2026-04-27 19:00","2026-04-27 19:30","long","CounterTrendStructureV4","stop_loss",-1.0,-1.2061333333333337,0.20613333333333372,"gross_loss",0.0005399999999999988,0.06984,0.0693,33.46650999356514,3.865115338401323,"rsi_bullish_divergence"
"BIGTIME-USDT-SWAP","2026-05-26 09:15","2026-05-26 09:30","2026-05-26 09:30","long","CounterTrendStructureV4","stop_loss",-1.0,-1.2047652173913042,0.20476521739130416,"gross_loss",0.00009200000000000007,0.01182,0.011728,27.879004922796994,4.152999114369231,"rsi_bullish_divergence"
"CVX-USDT-SWAP","2025-07-02 09:15","2025-07-02 09:30","2025-07-02 10:15","long","CounterTrendStructureV4","stop_loss",-1.0,-1.2039058823529425,0.2039058823529425,"gross_loss",0.016999999999999904,2.175,2.158,33.992933565799916,13.655562165377752,"rsi_bullish_divergence"
"AUCTION-USDT-SWAP","2025-12-29 20:15","2025-12-29 20:30","2025-12-29 21:45","long","DivergenceRegime","stop_loss",-1.0,-1.2030974358974373,0.20309743589743734,"gross_loss",0.0389999999999997,4.97,4.931,34.2309238497527,3.9263394281193778,"rsi_bullish_divergence"
"LAYER-USDT-SWAP","2026-03-26 19:00","2026-03-26 19:15","2026-03-26 19:15","long","CounterTrendStructureV4","stop_loss",-1.0,-1.1999999999999995,0.1999999999999995,"gross_loss",0.0006400000000000017,0.08032,0.07968,21.474024540323455,12.529637042361019,"rsi_bullish_divergence"
"OP-USDT-SWAP","2026-03-23 05:00","2026-03-23 05:15","2026-03-23 05:15","long","CounterTrendStructureV4","stop_loss",-1.0,-1.198936263736265,0.19893626373626505,"gross_loss",0.0009099999999999941,0.1136,0.11269000000000001,28.53662626776257,8.191573559624622,"rsi_bullish_divergence"
"BIO-USDT-SWAP","2026-03-26 17:45","2026-03-26 18:00","2026-03-26 18:00","long","CounterTrendStructureV4","stop_loss",-1.0,-1.1975999999999982,0.19759999999999822,"gross_loss",0.00014000000000000123,0.01736,0.01722,29.85046842557412,4.281146675934281,"rsi_bullish_divergence"
"OP-USDT-SWAP","2026-04-12 15:00","2026-04-12 15:15","2026-04-12 19:00","long","CounterTrendStructureV4","stop_loss",-1.0,-1.1957454545454533,0.19574545454545333,"gross_loss",0.0008800000000000058,0.1081,0.10722,25.52674790720465,3.139797885403356,"rsi_bullish_divergence"
"OP-USDT-SWAP","2026-03-26 14:00","2026-03-26 14:15","2026-03-26 14:15","long","CounterTrendStructureV4","stop_loss",-1.0,-1.195644444444445,0.19564444444444495,"gross_loss",0.000899999999999998,0.1105,0.1096,30.081389686862167,3.18788369732291,"rsi_bullish_divergence"
"BIGTIME-USDT-SWAP","2026-01-12 21:00","2026-01-12 21:15","2026-01-12 21:45","long","CounterTrendStructureV4","stop_loss",-1.0,-1.1955720930232574,0.1955720930232574,"gross_loss",0.00017199999999999854,0.02111,0.020938000000000002,36.23845646233989,13.569217727122876,"rsi_bullish_divergence"
"ADA-USDT-SWAP","2025-07-04 22:15","2025-07-04 22:30","2025-07-04 23:15","long","DivergenceRegime","stop_loss",-1.0,-1.195285106382977,0.19528510638297703,"gross_loss",0.0047000000000000375,0.576,0.5712999999999999,37.88568323442936,4.118682776379561,"rsi_bullish_divergence"
"BAT-USDT-SWAP","2026-01-12 07:00","2026-01-12 07:15","2026-01-12 08:30","long","CounterTrendStructureV4","stop_loss",-1.0,-1.1946000000000012,0.19460000000000122,"gross_loss",0.0015999999999999903,0.1954,0.1938,38.217310035055284,3.6737784293678506,"rsi_bullish_divergence"
"LDO-USDT-SWAP","2025-07-04 22:00","2025-07-04 22:15","2025-07-04 23:15","long","DivergenceRegime","stop_loss",-1.0,-1.1914360655737708,0.1914360655737708,"gross_loss",0.006099999999999994,0.7329,0.7268,24.1888463246856,5.304226122251548,"rsi_bullish_divergence"
"NMR-USDT-SWAP","2026-03-20 03:00","2026-03-20 03:15","2026-03-20 03:15","long","CounterTrendStructureV4","stop_loss",-1.0,-1.188209836065574,0.18820983606557395,"gross_loss",0.06099999999999994,7.206,7.1450000000000005,33.826026956693056,5.8499191374663075,"rsi_bullish_divergence"
"WOO-USDT-SWAP","2025-07-04 20:00","2025-07-04 20:15","2025-07-04 21:30","long","DivergenceRegime","stop_loss",-1.0,-1.183558620689656,0.183558620689656,"gross_loss",0.0005799999999999972,0.06683,0.06625,36.89493650633231,9.62826118119266,"rsi_bullish_divergence"
"XRP-USDT-SWAP","2026-01-08 07:00","2026-01-08 07:15","2026-01-08 08:15","long","DivergenceRegime","stop_loss",-1.0,-1.1827597883597891,0.18275978835978912,"gross_loss",0.018899999999999917,2.1683,2.1494,33.69979705795632,4.742660434048999,"rsi_bullish_divergence"
"WIF-USDT-SWAP","2026-01-31 21:00","2026-01-31 21:15","2026-01-31 22:00","long","CounterTrendStructureV4","stop_loss",-1.0,-1.182199999999999,0.18219999999999903,"gross_loss",0.0024000000000000132,0.2745,0.2721,29.08652426617749,5.392211872206779,"rsi_bullish_divergence"
"ZRX-USDT-SWAP","2026-02-16 01:45","2026-02-16 02:00","2026-02-16 02:30","long","DivergenceRegime","stop_loss",-1.0,-1.1817684210526302,0.18176842105263025,"gross_loss",0.0009500000000000064,0.1084,0.10744999999999999,31.013452858076946,13.832860459117875,"rsi_bullish_divergence"
"DOGE-USDT-SWAP","2026-05-23 08:15","2026-05-23 08:30","2026-05-23 14:30","long","CounterTrendStructureV4","stop_loss",-1.0,-1.1816539325842694,0.18165393258426943,"gross_loss",0.0008900000000000019,0.10149,0.1006,24.248433635484588,5.359999881243215,"rsi_bullish_divergence"
"INJ-USDT-SWAP","2026-01-01 07:15","2026-01-01 07:30","2026-01-01 12:45","long","CounterTrendStructureV4","stop_loss",-1.0,-1.1806054054054058,0.18060540540540582,"gross_loss",0.03699999999999992,4.195,4.158,28.39112427716249,5.927026323858726,"rsi_bullish_divergence"
"ICP-USDT-SWAP","2026-04-09 07:00","2026-04-09 07:15","2026-04-09 07:30","long","Fixed","stop_loss",-1.0,-1.1775272727272743,0.1775272727272743,"gross_loss",0.021999999999999797,2.452,2.43,34.57615392672771,4.467564109082246,"rsi_bullish_divergence"
"HBAR-USDT-SWAP","2026-02-27 21:30","2026-02-27 21:45","2026-02-28 00:45","long","DivergenceRegime","stop_loss",-1.0,-1.177475555555556,0.17747555555555605,"gross_loss",0.000899999999999998,0.10028,0.09938,33.100739371430635,5.393105647748895,"rsi_bullish_divergence"
"BLUR-USDT-SWAP","2026-01-31 22:00","2026-01-31 22:15","2026-01-31 22:15","long","CounterTrendStructureV4","stop_loss",-1.0,-1.1764363636363624,0.1764363636363624,"gross_loss",0.00022000000000000144,0.02437,0.024149999999999998,27.503786205044875,5.346093679036767,"rsi_bullish_divergence"
"MOVE-USDT-SWAP","2026-05-23 01:15","2026-05-23 01:30","2026-05-23 01:45","long","CounterTrendStructureV4","stop_loss",-1.0,-1.1756266666666657,0.1756266666666657,"gross_loss",0.00015000000000000083,0.01654,0.01639,39.92580318739982,3.2028258525942905,"rsi_bullish_divergence"
"CVX-USDT-SWAP","2026-05-28 10:45","2026-05-28 11:00","2026-05-28 11:15","long","CounterTrendStructureV4","stop_loss",-1.0,-1.175542857142857,0.175542857142857,"gross_loss",0.014000000000000012,1.543,1.529,36.6765681000538,4.633416264966568,"rsi_bullish_divergence"
"MEW-USDT-SWAP","2026-04-12 13:00","2026-04-12 13:15","2026-04-12 13:45","long","DivergenceRegime","stop_loss",-1.0,-1.1750769230769225,0.17507692307692246,"gross_loss",0.000005200000000000018,0.0005716,0.0005664,25.310098650417572,6.119615597227537,"rsi_bullish_divergence"
"INJ-USDT-SWAP","2025-09-20 02:00","2025-09-20 02:15","2025-09-20 07:15","long","DivergenceRegime","stop_loss",-1.0,-1.1745826771653534,0.17458267716535336,"gross_loss",0.12700000000000067,13.921,13.793999999999999,30.43183728725967,3.5609297233355766,"rsi_bullish_divergence"
"ADA-USDT-SWAP","2025-10-22 13:15","2025-10-22 13:30","2025-10-22 17:45","long","CounterTrendStructureV4","stop_loss",-1.0,-1.1743999999999992,0.17439999999999922,"gross_loss",0.005800000000000027,0.6351,0.6293,32.319299208132236,4.961945713993692,"rsi_bullish_divergence"
"ADA-USDT-SWAP","2025-12-11 20:00","2025-12-11 20:15","2025-12-11 22:30","long","DivergenceRegime","stop_loss",-1.0,-1.1743578947368407,0.1743578947368407,"gross_loss",0.0038000000000000256,0.416,0.41219999999999996,22.452898935315602,10.582842869958313,"rsi_bullish_divergence"
"MOVE-USDT-SWAP","2026-05-23 02:00","2026-05-23 02:15","2026-05-23 02:30","long","CounterTrendStructureV4","stop_loss",-1.0,-1.174239999999999,0.17423999999999906,"gross_loss",0.00015000000000000083,0.01641,0.01626,33.53299202804057,5.9854240943489705,"rsi_bullish_divergence"
"MOVE-USDT-SWAP","2025-08-20 08:00","2025-08-20 08:15","2025-08-20 09:00","long","CounterTrendStructureV4","stop_loss",-1.0,-1.1733793103448285,0.17337931034482845,"gross_loss",0.0011599999999999944,0.12628,0.12512,34.93069281065978,4.629451170267139,"rsi_bullish_divergence"
"BIGTIME-USDT-SWAP","2026-02-16 01:45","2026-02-16 02:00","2026-02-16 04:00","long","DivergenceRegime","stop_loss",-1.0,-1.1728338028169019,0.17283380281690186,"gross_loss",0.00014199999999999977,0.01541,0.015268,30.500634346121757,12.920177536658558,"rsi_bullish_divergence"
"ADA-USDT-SWAP","2026-04-02 15:15","2026-04-02 15:30","2026-04-02 21:30","long","CounterTrendStructureV4","stop_loss",-1.0,-1.1719272727272723,0.17192727272727226,"gross_loss",0.0022000000000000075,0.2375,0.23529999999999998,37.72091336180382,3.7647072010772,"rsi_bullish_divergence"
"RSR-USDT-SWAP","2026-06-30 20:30","2026-06-30 20:45","2026-06-30 20:45","long","CounterTrendStructureV4","stop_loss",-1.0,-1.1715199999999995,0.17151999999999945,"gross_loss",0.000010000000000000026,0.001077,0.001067,27.36587935966635,3.6359451180831206,"rsi_bullish_divergence"
"BIGTIME-USDT-SWAP","2025-07-04 22:15","2025-07-04 22:30","2025-07-04 23:00","long","DivergenceRegime","stop_loss",-1.0,-1.170824217118998,0.17082421711899798,"gross_loss",0.00047900000000000026,0.05138,0.050901,37.372881711560986,3.5930839907192573,"rsi_bullish_divergence"
"ETC-USDT-SWAP","2025-08-25 21:30","2025-08-25 21:45","2025-08-26 00:00","long","DivergenceRegime","stop_loss",-1.0,-1.169814634146343,0.1698146341463429,"gross_loss",0.2049999999999983,21.86,21.655,29.557754823028745,3.843819788299269,"rsi_bullish_divergence"
"ADA-USDT-SWAP","2025-12-11 22:30","2025-12-11 22:45","2025-12-11 22:45","long","DivergenceRegime","stop_loss",-1.0,-1.1696615384615376,0.16966153846153764,"gross_loss",0.0039000000000000146,0.4155,0.41159999999999997,31.0161739348312,3.46308001787233,"rsi_bullish_divergence"
"LTC-USDT-SWAP","2025-07-29 02:00","2025-07-29 02:15","2025-07-29 02:15","long","DivergenceRegime","stop_loss",-1.0,-1.1695456310679608,0.16954563106796083,"gross_loss",1.0300000000000011,109.66,108.63,31.6275370949471,4.532506399037215,"rsi_bullish_divergence"
"ONT-USDT-SWAP","2026-02-16 01:45","2026-02-16 02:00","2026-02-16 03:00","long","DivergenceRegime","stop_loss",-1.0,-1.1692093023255816,0.16920930232558162,"gross_loss",0.0004299999999999998,0.04569,0.04526,35.85664971878339,4.556919436329073,"rsi_bullish_divergence"
"LDO-USDT-SWAP","2025-09-14 21:45","2025-09-14 22:00","2025-09-14 22:30","long","DivergenceRegime","stop_loss",-1.0,-1.1690482758620682,0.16904827586206816,"gross_loss",0.011600000000000055,1.2314,1.2198,26.852609773887366,3.224496107011183,"rsi_bullish_divergence"
"ZRX-USDT-SWAP","2026-01-26 02:00","2026-01-26 02:15","2026-01-26 02:30","long","CounterTrendStructureV4","stop_loss",-1.0,-1.1685793103448285,0.16857931034482854,"gross_loss",0.0011599999999999944,0.1228,0.12164000000000001,33.04231720565713,3.4727876194665495,"rsi_bullish_divergence"
"BLUR-USDT-SWAP","2026-02-16 01:45","2026-02-16 02:00","2026-02-16 03:00","long","DivergenceRegime","stop_loss",-1.0,-1.168400000000001,0.168400000000001,"gross_loss",0.0001999999999999988,0.02115,0.02095,31.80472603151803,15.129492114601497,"rsi_bullish_divergence"
"INJ-USDT-SWAP","2026-01-31 21:30","2026-01-31 21:45","2026-01-31 22:00","long","CounterTrendStructureV4","stop_loss",-1.0,-1.1676888888888888,0.16768888888888878,"gross_loss",0.03600000000000003,3.791,3.755,28.78877893541862,3.2917372288857125,"rsi_bullish_divergence"
"VIRTUAL-USDT-SWAP","2026-03-31 01:45","2026-03-31 02:00","2026-03-31 02:45","long","CounterTrendStructureV4","stop_loss",-1.0,-1.1674064516129037,0.16740645161290368,"gross_loss",0.006199999999999983,0.6518,0.6456000000000001,33.91067888109987,3.9792866288150477,"rsi_bullish_divergence"
"KSM-USDT-SWAP","2026-02-16 01:45","2026-02-16 02:00","2026-02-16 02:45","long","DivergenceRegime","stop_loss",-1.0,-1.1672363636363652,0.16723636363636518,"gross_loss",0.043999999999999595,4.621,4.577000000000001,34.24749359721264,10.424960972500624,"rsi_bullish_divergence"
"AGLD-USDT-SWAP","2025-12-29 20:15","2025-12-29 20:30","2025-12-29 21:45","long","DivergenceRegime","stop_loss",-1.0,-1.1666239999999999,0.16662399999999988,"gross_loss",0.0025000000000000022,0.2616,0.2591,31.244677423594567,3.277509897715617,"rsi_bullish_divergence"
"FLOW-USDT-SWAP","2026-02-17 11:15","2026-02-17 11:30","2026-02-17 16:30","long","CounterTrendStructureV4","stop_loss",-1.0,-1.1658105263157903,0.1658105263157903,"gross_loss",0.0003799999999999984,0.03957,0.03919,30.268387408404294,3.811280003629929,"rsi_bullish_divergence"
"XRP-USDT-SWAP","2025-08-20 05:15","2025-08-20 05:30","2025-08-20 07:15","long","CounterTrendStructureV4","stop_loss",-1.0,-1.165502158273381,0.1655021582733811,"gross_loss",0.027800000000000047,2.8895,2.8617,38.612578744940556,3.2638521537130973,"rsi_bullish_divergence"
"OP-USDT-SWAP","2025-09-14 21:45","2025-09-14 22:00","2025-09-14 22:45","long","DivergenceRegime","stop_loss",-1.0,-1.1633052631578937,0.16330526315789373,"gross_loss",0.007600000000000051,0.7795,0.7718999999999999,28.923577629940326,3.97646267168422,"rsi_bullish_divergence"
"POL-USDT-SWAP","2026-03-27 23:15","2026-03-27 23:30","2026-03-28 00:00","long","CounterTrendStructureV4","stop_loss",-1.0,-1.1632727272727261,0.16327272727272613,"gross_loss",0.0008800000000000058,0.09024,0.08936,29.3429574688558,3.550174573895517,"rsi_bullish_divergence"
"ONE-USDT-SWAP","2026-01-01 07:00","2026-01-01 07:15","2026-01-01 08:00","long","DivergenceRegime","stop_loss",-1.0,-1.1619428571428578,0.16194285714285783,"gross_loss",0.000034999999999999875,0.00356,0.003525,27.38611978406982,3.221789402437209,"rsi_bullish_divergence"
"ATOM-USDT-SWAP","2025-08-29 21:30","2025-08-29 21:45","2025-08-29 22:00","long","DivergenceRegime","stop_loss",-1.0,-1.1613333333333336,0.16133333333333355,"gross_loss",0.04499999999999993,4.56,4.515,38.881747171902695,4.944037932447463,"rsi_bullish_divergence"
"BNB-USDT-SWAP","2026-06-03 03:30","2026-06-03 03:45","2026-06-03 06:45","long","DivergenceRegime","stop_loss",-1.0,-1.1608984615384617,0.16089846153846166,"gross_loss",6.5,656.9,650.4,29.645504923489625,5.0975010189223005,"rsi_bullish_divergence"
"YFI-USDT-SWAP","2025-07-29 01:15","2025-07-29 01:30","2025-07-29 02:00","long","CounterTrendStructureV4","stop_loss",-1.0,-1.1601018181818181,0.16010181818181812,"gross_loss",55.0,5531.0,5476.0,31.20868176577973,3.780147383434646,"rsi_bullish_divergence"
"LAYER-USDT-SWAP","2026-03-27 21:30","2026-03-27 21:45","2026-03-27 21:45","long","CounterTrendStructureV4","stop_loss",-1.0,-1.1600727272727258,0.1600727272727258,"gross_loss",0.0007700000000000068,0.07742,0.07665,32.63540584469888,3.7349335823831438,"rsi_bullish_divergence"
"XRP-USDT-SWAP","2025-07-29 02:00","2025-07-29 02:15","2025-07-29 02:30","long","CounterTrendStructureV4","stop_loss",-1.0,-1.1596789808917192,0.15967898089171917,"gross_loss",0.031400000000000095,3.1494,3.118,36.30754920595674,4.996888630156056,"rsi_bullish_divergence"
"INJ-USDT-SWAP","2026-02-16 01:45","2026-02-16 02:00","2026-02-16 03:00","long","DivergenceRegime","stop_loss",-1.0,-1.1590451612903219,0.15904516129032187,"gross_loss",0.03100000000000014,3.097,3.066,31.884600481260904,12.323819665711637,"rsi_bullish_divergence"
"DOT-USDT-SWAP","2026-02-16 01:45","2026-02-16 02:00","2026-02-16 02:45","long","DivergenceRegime","stop_loss",-1.0,-1.1586074074074066,0.15860740740740664,"gross_loss",0.013500000000000068,1.345,1.3315,25.769567169773367,7.978528395531976,"rsi_bullish_divergence"
"WIF-USDT-SWAP","2026-01-31 16:15","2026-01-31 16:30","2026-01-31 16:30","long","CounterTrendStructureV4","stop_loss",-1.0,-1.1583428571428558,0.1583428571428558,"gross_loss",0.0028000000000000247,0.2785,0.2757,30.98484102706726,6.183670689217856,"rsi_bullish_divergence"
"INJ-USDT-SWAP","2026-01-31 22:00","2026-01-31 22:15","2026-01-31 22:15","long","CounterTrendStructureV4","stop_loss",-1.0,-1.1576842105263165,0.15768421052631654,"gross_loss",0.03799999999999981,3.764,3.726,25.78432137635278,4.161914638939905,"rsi_bullish_divergence"
"YGG-USDT-SWAP","2026-07-08 09:30","2026-07-08 09:45","2026-07-08 10:00","long","CounterTrendStructureV4","stop_loss",-1.0,-1.1573090909090897,0.15730909090908973,"gross_loss",0.00022000000000000144,0.02174,0.021519999999999997,28.865106677085237,15.932578731978595,"rsi_bullish_divergence"
"XRP-USDT-SWAP","2025-08-01 08:15","2025-08-01 08:30","2025-08-01 08:45","long","CounterTrendStructureV4","stop_loss",-1.0,-1.1572052631578935,0.15720526315789352,"gross_loss",0.030400000000000205,3.0021,2.9717,29.912359686141812,3.560154016591668,"rsi_bullish_divergence"
"UMA-USDT-SWAP","2026-01-26 02:00","2026-01-26 02:15","2026-01-26 02:30","long","CounterTrendStructureV4","stop_loss",-1.0,-1.156955223880596,0.15695522388059602,"gross_loss",0.006700000000000039,0.6606,0.6538999999999999,26.607742966348155,6.7081149971434275,"rsi_bullish_divergence"
"DOGE-USDT-SWAP","2026-02-27 21:30","2026-02-27 21:45","2026-02-27 23:15","long","DivergenceRegime","stop_loss",-1.0,-1.1566999999999996,0.15669999999999962,"gross_loss",0.0009600000000000025,0.0945,0.09354,26.991927827437138,4.9636339310197855,"rsi_bullish_divergence"
"LDO-USDT-SWAP","2026-01-26 02:00","2026-01-26 02:15","2026-01-26 02:30","long","CounterTrendStructureV4","stop_loss",-1.0,-1.1561568627450982,0.1561568627450982,"gross_loss",0.005099999999999993,0.5003,0.4952,31.123728480987026,6.260337311614156,"rsi_bullish_divergence"
"ZRX-USDT-SWAP","2026-02-28 04:45","2026-02-28 05:00","2026-02-28 06:00","long","CounterTrendStructureV4","stop_loss",-1.0,-1.1553538461538462,0.15535384615384618,"gross_loss",0.0010399999999999993,0.1015,0.10046000000000001,29.501619508984405,5.4952167186035865,"rsi_bullish_divergence"
"BCH-USDT-SWAP","2025-07-19 03:00","2025-07-19 03:15","2025-07-19 04:15","long","Fixed","stop_loss",-1.0,-1.1541584905660376,0.1541584905660376,"gross_loss",5.300000000000011,513.3,507.99999999999994,38.98330466149659,3.8283151716670263,"rsi_bullish_divergence"
"DOGE-USDT-SWAP","2025-10-22 13:15","2025-10-22 13:30","2025-10-22 19:00","long","CounterTrendStructureV4","stop_loss",-1.0,-1.1537696969696962,0.15376969696969622,"gross_loss",0.0019800000000000095,0.19128,0.1893,31.587420302466583,8.209507824832004,"rsi_bullish_divergence"
"UMA-USDT-SWAP","2025-09-14 22:30","2025-09-14 22:45","2025-09-14 23:45","long","DivergenceRegime","stop_loss",-1.0,-1.151815384615385,0.1518153846153849,"gross_loss",0.01429999999999998,1.364,1.3497000000000001,36.33503687207794,3.1567796530857106,"rsi_bullish_divergence"
"WOO-USDT-SWAP","2025-09-01 10:30","2025-09-01 10:45","2025-09-01 10:45","long","CounterTrendStructureV4","stop_loss",-1.0,-1.1517942857142844,0.15179428571428444,"gross_loss",0.0007000000000000062,0.06676,0.06606,27.2289449791257,6.495354181236887,"rsi_bullish_divergence"
"CVX-USDT-SWAP","2026-05-28 11:15","2026-05-28 11:30","2026-05-28 12:00","long","CounterTrendStructureV4","stop_loss",-1.0,-1.1517,0.15169999999999995,"gross_loss",0.016000000000000014,1.525,1.509,29.993238087836005,5.774606299212598,"rsi_bullish_divergence"
"ETC-USDT-SWAP","2025-12-01 13:30","2025-12-01 13:45","2025-12-01 20:45","long","CounterTrendStructureV4","stop_loss",-1.0,-1.1512592592592594,0.15125925925925943,"gross_loss",0.1349999999999998,12.83,12.695,23.51998437619379,3.392107418369556,"rsi_bullish_divergence"
"WOO-USDT-SWAP","2026-02-16 01:45","2026-02-16 02:00","2026-02-16 04:00","long","DivergenceRegime","stop_loss",-1.0,-1.150666666666667,0.15066666666666695,"gross_loss",0.0001799999999999996,0.01704,0.01686,25.776425471966633,8.44337829750756,"rsi_bullish_divergence"
"LAYER-USDT-SWAP","2026-06-01 20:00","2026-06-01 20:15","2026-06-01 21:00","long","CounterTrendStructureV4","stop_loss",-1.0,-1.1503356321839089,0.15033563218390888,"gross_loss",0.0008699999999999958,0.08218,0.08131000000000001,28.307442625820357,4.599764850155187,"rsi_bullish_divergence"
"HBAR-USDT-SWAP","2026-02-16 00:00","2026-02-16 00:15","2026-02-16 01:45","long","DivergenceRegime","stop_loss",-1.0,-1.1499773584905653,0.14997735849056526,"gross_loss",0.0010600000000000054,0.09989,0.09883,33.716655362179466,3.0058707507139286,"rsi_bullish_divergence"
"INJ-USDT-SWAP","2026-01-26 02:00","2026-01-26 02:15","2026-01-26 02:30","long","CounterTrendStructureV4","stop_loss",-1.0,-1.1498434782608686,0.14984347826086863,"gross_loss",0.04600000000000026,4.331,4.285,31.903026098702426,6.190810956966658,"rsi_bullish_divergence"
"SATS-USDT-SWAP","2025-07-04 22:15","2025-07-04 22:30","2025-07-04 23:00","long","DivergenceRegime","stop_loss",-1.0,-1.1494574257425736,0.1494574257425736,"gross_loss",4.040000000000015E-10,3.794E-8,3.7536E-8,32.92929080273748,3.2150601402722154,"rsi_bullish_divergence"
"ADA-USDT-SWAP","2026-02-16 01:45","2026-02-16 02:00","2026-02-16 03:00","long","DivergenceRegime","stop_loss",-1.0,-1.1487466666666666,0.14874666666666658,"gross_loss",0.0030000000000000027,0.2804,0.2774,30.798370260527193,9.101348239943576,"rsi_bullish_divergence"
"CVX-USDT-SWAP","2026-02-23 13:15","2026-02-23 13:30","2026-02-23 13:30","long","CounterTrendStructureV4","stop_loss",-1.0,-1.148252631578948,0.14825263157894808,"gross_loss",0.018999999999999906,1.77,1.7510000000000001,19.82829179356935,6.985134058932838,"rsi_bullish_divergence"
"MEW-USDT-SWAP","2026-04-12 13:45","2026-04-12 14:00","2026-04-12 19:00","long","DivergenceRegime","stop_loss",-1.0,-1.1464774193548377,0.1464774193548377,"gross_loss",0.000006200000000000042,0.0005707,0.0005645,29.588198304928284,12.918947327441897,"rsi_bullish_divergence"
"UMA-USDT-SWAP","2026-01-26 02:30","2026-01-26 02:45","2026-01-26 03:15","long","CounterTrendStructureV4","stop_loss",-1.0,-1.1464450704225355,0.14644507042253552,"gross_loss",0.007099999999999995,0.6534,0.6463,21.21362665808084,3.9498303100259293,"rsi_bullish_divergence"
"TURBO-USDT-SWAP","2026-01-26 02:00","2026-01-26 02:15","2026-01-26 02:30","long","CounterTrendStructureV4","stop_loss",-1.0,-1.1460354430379742,0.14603544303797422,"gross_loss",0.00001580000000000006,0.00145,0.0014341999999999998,29.581305705552538,3.63414923250163,"rsi_bullish_divergence"
"YFI-USDT-SWAP","2025-12-18 06:00","2025-12-18 06:15","2025-12-18 13:15","long","CounterTrendStructureV4","stop_loss",-1.0,-1.1458823529411766,0.14588235294117657,"gross_loss",34.0,3117.0,3083.0,32.691230297448996,4.027654993811688,"rsi_bullish_divergence"
"MERL-USDT-SWAP","2026-01-17 19:00","2026-01-17 19:15","2026-01-17 19:15","long","CounterTrendStructureV4","stop_loss",-1.0,-1.1451909774436093,0.14519097744360931,"gross_loss",0.0026599999999999957,0.24271,0.24005,24.13244918972846,3.980083751553028,"rsi_bullish_divergence"
"SATS-USDT-SWAP","2026-02-16 01:45","2026-02-16 02:00","2026-02-16 02:00","long","DivergenceRegime","stop_loss",-1.0,-1.1444403100775187,0.14444031007751867,"gross_loss",1.290000000000007E-10,1.171E-8,1.1581E-8,24.492227324171154,12.791138774835481,"rsi_bullish_divergence"
"FLOW-USDT-SWAP","2026-05-28 11:15","2026-05-28 11:30","2026-05-28 12:00","long","CounterTrendStructureV4","stop_loss",-1.0,-1.1441142857142845,0.14411428571428453,"gross_loss",0.0003500000000000031,0.0317,0.031349999999999996,26.413803904926837,21.13947361464786,"rsi_bullish_divergence"
"ONE-USDT-SWAP","2025-08-06 04:00","2025-08-06 04:15","2025-08-06 05:45","long","CounterTrendStructureV4","stop_loss",-1.0,-1.142888495575221,0.142888495575221,"gross_loss",0.00011300000000000025,0.010148,0.010035,35.12411665444944,5.558025269068788,"rsi_bullish_divergence"
"YGG-USDT-SWAP","2026-02-16 01:45","2026-02-16 02:00","2026-02-16 04:00","long","DivergenceRegime","stop_loss",-1.0,-1.1428444444444448,0.14284444444444477,"gross_loss",0.000449999999999999,0.0404,0.03995,28.42978736311278,6.294022875753227,"rsi_bullish_divergence"
"ORDI-USDT-SWAP","2026-02-04 22:30","2026-02-04 22:45","2026-02-04 22:45","long","CounterTrendStructureV4","stop_loss",-1.0,-1.141828571428571,0.14182857142857097,"gross_loss",0.03500000000000014,3.12,3.085,37.08299586361621,6.763874665662153,"rsi_bullish_divergence"
"TURBO-USDT-SWAP","2026-02-04 22:30","2026-02-04 22:45","2026-02-04 22:45","long","CounterTrendStructureV4","stop_loss",-1.0,-1.1417882352941189,0.14178823529411888,"gross_loss",0.000013599999999999897,0.001212,0.0011984,36.296165889770315,6.4151664730933025,"rsi_bullish_divergence"
"RSR-USDT-SWAP","2026-04-19 00:15","2026-04-19 00:30","2026-04-19 01:00","long","DivergenceRegime","stop_loss",-1.0,-1.1411789473684217,0.14117894736842174,"gross_loss",0.00001899999999999992,0.001686,0.001667,35.00500446896305,7.480683065706467,"rsi_bullish_divergence"
"ONT-USDT-SWAP","2025-07-29 01:15","2025-07-29 01:30","2025-07-29 02:00","long","DivergenceRegime","stop_loss",-1.0,-1.1405975903614463,0.14059759036144626,"gross_loss",0.0016599999999999948,0.1467,0.14504,26.235378938978528,5.0085575663769495,"rsi_bullish_divergence"
"BCH-USDT-SWAP","2026-06-18 22:45","2026-06-18 23:00","2026-06-18 23:30","long","CounterTrendStructureV4","stop_loss",-1.0,-1.1405565217391298,0.1405565217391298,"gross_loss",2.3000000000000114,203.2,200.89999999999998,28.339769739305297,3.6794774622580415,"rsi_bullish_divergence"
"YGG-USDT-SWAP","2026-01-31 21:15","2026-01-31 21:30","2026-01-31 22:00","long","CounterTrendStructureV4","stop_loss",-1.0,-1.1403368421052629,0.14033684210526287,"gross_loss",0.0005700000000000011,0.05028,0.04971,36.015417680111035,3.7858505453197844,"rsi_bullish_divergence"
"ICP-USDT-SWAP","2025-12-29 22:30","2025-12-29 22:45","2025-12-29 22:45","long","DivergenceRegime","stop_loss",-1.0,-1.1401882352941186,0.1401882352941186,"gross_loss",0.03399999999999981,2.996,2.962,39.24017721370101,3.5522130656513746,"rsi_bullish_divergence"
"ZRO-USDT-SWAP","2025-09-16 00:00","2025-09-16 00:15","2025-09-16 12:15","long","CounterTrendStructureV4","stop_loss",-1.0,-1.140181132075471,0.1401811320754709,"gross_loss",0.021200000000000108,1.868,1.8468,32.01660184428573,3.8189138676776846,"rsi_bullish_divergence"
"MEW-USDT-SWAP","2025-12-29 20:15","2025-12-29 20:30","2025-12-29 23:00","long","DivergenceRegime","stop_loss",-1.0,-1.1400989690721655,0.14009896907216546,"gross_loss",0.000009699999999999965,0.0008542,0.0008445,27.86531425333422,3.716127619186683,"rsi_bullish_divergence"
"RENDER-USDT-SWAP","2026-02-16 01:45","2026-02-16 02:00","2026-02-16 03:00","long","DivergenceRegime","stop_loss",-1.0,-1.1391999999999998,0.13919999999999977,"gross_loss",0.016000000000000014,1.4,1.384,28.17327084979462,13.22734284612418,"rsi_bullish_divergence"
"ONE-USDT-SWAP","2025-09-15 22:00","2025-09-15 22:15","2025-09-15 23:30","long","DivergenceRegime","stop_loss",-1.0,-1.1387630252100849,0.13876302521008488,"gross_loss",0.00011899999999999931,0.01038,0.010261000000000001,33.472816518003484,3.0010394521721415,"rsi_bullish_divergence"
"POL-USDT-SWAP","2025-07-29 02:00","2025-07-29 02:15","2025-07-29 05:15","long","DivergenceRegime","stop_loss",-1.0,-1.137381818181818,0.13738181818181805,"gross_loss",0.0026400000000000035,0.228,0.22536,25.195326017204607,4.58356644270738,"rsi_bullish_divergence"
"LAYER-USDT-SWAP","2026-02-16 01:45","2026-02-16 02:00","2026-02-16 03:00","long","DivergenceRegime","stop_loss",-1.0,-1.1371572815533977,0.13715728155339768,"gross_loss",0.0010300000000000031,0.08881,0.08778,33.57636400302496,6.841877341575079,"rsi_bullish_divergence"
"INIT-USDT-SWAP","2025-09-14 21:45","2025-09-14 22:00","2025-09-14 22:45","long","DivergenceRegime","stop_loss",-1.0,-1.136876190476191,0.13687619047619104,"gross_loss",0.0041999999999999815,0.3614,0.3572,31.21657185814776,8.12114337568058,"rsi_bullish_divergence"
"VIRTUAL-USDT-SWAP","2025-09-25 12:15","2025-09-25 12:30","2025-09-25 12:45","long","CounterTrendStructureV4","stop_loss",-1.0,-1.136617886178862,0.13661788617886206,"gross_loss",0.012299999999999978,1.0564,1.0441,32.75859505717092,3.264458387824251,"rsi_bullish_divergence"
"NEAR-USDT-SWAP","2026-01-26 02:00","2026-01-26 02:15","2026-01-26 02:30","long","CounterTrendStructureV4","stop_loss",-1.0,-1.1360470588235303,0.1360470588235303,"gross_loss",0.016999999999999904,1.454,1.437,35.839848358335175,3.034507255423175,"rsi_bullish_divergence"
"INIT-USDT-SWAP","2025-09-01 10:45","2025-09-01 11:00","2025-09-01 12:30","long","CounterTrendStructureV4","stop_loss",-1.0,-1.1353066666666676,0.13530666666666757,"gross_loss",0.0037499999999999756,0.319,0.31525000000000003,21.544857714954446,4.37999118122581,"rsi_bullish_divergence"
"ZRX-USDT-SWAP","2025-08-18 14:45","2025-08-18 15:00","2025-08-18 17:15","long","CounterTrendStructureV4","stop_loss",-1.0,-1.1319891156462587,0.1319891156462587,"gross_loss",0.002939999999999998,0.244,0.24106,36.74233795033886,3.9397131388540894,"rsi_bullish_divergence"
"ONE-USDT-SWAP","2026-02-15 22:15","2026-02-15 22:30","2026-02-16 01:45","long","DivergenceRegime","stop_loss",-1.0,-1.1319483870967733,0.13194838709677326,"gross_loss",0.00003100000000000021,0.002572,0.002541,35.53064400006072,4.492107278973265,"rsi_bullish_divergence"
"IOST-USDT-SWAP","2025-10-11 03:30","2025-10-11 03:45","2025-10-11 04:45","long","CounterTrendStructureV4","stop_loss",-1.0,-1.1318705202312136,0.1318705202312136,"gross_loss",0.00003460000000000008,0.002869,0.0028344,31.01633533489496,6.4766775504764444,"rsi_bullish_divergence"
"YFI-USDT-SWAP","2025-07-24 04:15","2025-07-24 04:30","2025-07-24 04:30","long","CounterTrendStructureV4","stop_loss",-1.0,-1.1317176470588235,0.1317176470588235,"gross_loss",68.0,5632.0,5564.0,27.22329832536886,3.374045753156005,"rsi_bullish_divergence"
"PNUT-USDT-SWAP","2026-01-26 02:00","2026-01-26 02:15","2026-01-26 02:30","long","CounterTrendStructureV4","stop_loss",-1.0,-1.1316761904761914,0.1316761904761914,"gross_loss",0.0008399999999999935,0.06955,0.06871000000000001,28.002855994002687,4.7727743709029395,"rsi_bullish_divergence"
"TURBO-USDT-SWAP","2026-05-12 22:30","2026-05-12 22:45","2026-05-12 23:15","long","DivergenceRegime","stop_loss",-1.0,-1.131002597402597,0.131002597402597,"gross_loss",0.00001540000000000005,0.0012686,0.0012531999999999999,36.098219831060106,6.388164719678859,"rsi_bullish_divergence"
"KSM-USDT-SWAP","2026-02-04 22:30","2026-02-04 22:45","2026-02-04 23:00","long","CounterTrendStructureV4","stop_loss",-1.0,-1.1308266666666675,0.13082666666666753,"gross_loss",0.05999999999999961,4.936,4.876,29.5228645351566,3.349304438412857,"rsi_bullish_divergence"
"POPCAT-USDT-SWAP","2025-10-22 13:15","2025-10-22 13:30","2025-10-22 17:15","long","CounterTrendStructureV4","stop_loss",-1.0,-1.1306157303370783,0.1306157303370783,"gross_loss",0.0017800000000000038,0.1462,0.14442,36.226364411508165,10.990662003016398,"rsi_bullish_divergence"
"POL-USDT-SWAP","2025-08-01 08:15","2025-08-01 08:30","2025-08-01 08:45","long","CounterTrendStructureV4","stop_loss",-1.0,-1.1297060240963859,0.12970602409638587,"gross_loss",0.0024899999999999922,0.2031,0.20061,31.23968415848485,4.142024856171596,"rsi_bullish_divergence"
"BCH-USDT-SWAP","2026-05-28 14:00","2026-05-28 14:15","2026-05-28 18:15","long","CounterTrendStructureV4","stop_loss",-1.0,-1.1296,0.12959999999999994,"gross_loss",4.0,326.0,322.0,30.07676861746566,3.5759631706236243,"rsi_bullish_divergence"
"MERL-USDT-SWAP","2026-03-31 01:15","2026-03-31 01:30","2026-03-31 02:00","long","CounterTrendStructureV4","stop_loss",-1.0,-1.1287448275862075,0.12874482758620753,"gross_loss",0.0002899999999999986,0.02348,0.023190000000000002,27.827215521551906,5.208727565186645,"rsi_bullish_divergence"
"OP-USDT-SWAP","2026-05-28 09:15","2026-05-28 09:30","2026-05-28 11:15","long","CounterTrendStructureV4","stop_loss",-1.0,-1.1283655629139075,0.12836556291390755,"gross_loss",0.0015099999999999975,0.1219,0.12039,29.112646863929342,4.26252948895197,"rsi_bullish_divergence"
"AUCTION-USDT-SWAP","2025-10-16 04:30","2025-10-16 04:45","2025-10-16 05:00","long","CounterTrendStructureV4","stop_loss",-1.0,-1.127908860759494,0.12790886075949404,"gross_loss",0.07899999999999974,6.355,6.276000000000001,37.5084614465591,8.70410148334279,"rsi_bullish_divergence"
"HBAR-USDT-SWAP","2025-10-11 03:30","2025-10-11 03:45","2025-10-11 04:45","long","CounterTrendStructureV4","stop_loss",-1.0,-1.1274086956521736,0.1274086956521736,"gross_loss",0.0025300000000000045,0.20273,0.2002,30.96353466231004,3.088891435027285,"rsi_bullish_divergence"
"ATOM-USDT-SWAP","2025-07-23 21:15","2025-07-23 21:30","2025-07-23 21:30","long","DivergenceRegime","stop_loss",-1.0,-1.1261677419354834,0.1261677419354834,"gross_loss",0.06200000000000028,4.92,4.858,39.53300725229607,5.6027685178849,"rsi_bullish_divergence"
"CVX-USDT-SWAP","2026-02-27 04:00","2026-02-27 04:15","2026-02-27 04:15","long","CounterTrendStructureV4","stop_loss",-1.0,-1.1254545454545453,0.12545454545454526,"gross_loss",0.02200000000000002,1.736,1.714,24.233090799193477,4.4472196041470315,"rsi_bullish_divergence"
"XRP-USDT-SWAP","2025-10-11 03:30","2025-10-11 03:45","2025-10-11 04:45","long","CounterTrendStructureV4","stop_loss",-1.0,-1.1246970760233925,0.12469707602339253,"gross_loss",0.034199999999999786,2.6825,2.6483000000000003,35.37291886534679,4.3136837326548205,"rsi_bullish_divergence"
"MEW-USDT-SWAP","2025-09-15 22:00","2025-09-15 22:15","2025-09-15 23:15","long","DivergenceRegime","stop_loss",-1.0,-1.1244571428571433,0.12445714285714327,"gross_loss",0.000038499999999999906,0.003014,0.0029755000000000003,35.58040097984211,4.462804694553115,"rsi_bullish_divergence"
"YFI-USDT-SWAP","2025-07-24 04:30","2025-07-24 04:45","2025-07-24 05:15","long","CounterTrendStructureV4","stop_loss",-1.0,-1.1240444444444444,0.1240444444444444,"gross_loss",72.0,5618.0,5546.0,25.336911778462664,7.162481959313385,"rsi_bullish_divergence"
"SATS-USDT-SWAP","2026-02-04 22:30","2026-02-04 22:45","2026-02-04 23:30","long","CounterTrendStructureV4","stop_loss",-1.0,-1.1237917159763315,0.12379171597633154,"gross_loss",1.6899999999999973E-10,1.316E-8,1.2991E-8,38.094826905209885,5.293558271404923,"rsi_bullish_divergence"
"EIGEN-USDT-SWAP","2026-01-08 03:15","2026-01-08 03:30","2026-01-08 11:30","long","DivergenceRegime","stop_loss",-1.0,-1.1230339622641503,0.12303396226415031,"gross_loss",0.005300000000000027,0.4102,0.4049,31.452736714609372,3.89700119844337,"rsi_bullish_divergence"
"DOT-USDT-SWAP","2025-07-23 21:15","2025-07-23 21:30","2025-07-23 21:30","long","DivergenceRegime","stop_loss",-1.0,-1.1227523465703977,0.12275234657039769,"gross_loss",0.05539999999999967,4.278,4.2226,32.669416272026965,6.629334781964541,"rsi_bullish_divergence"
"SATS-USDT-SWAP","2026-05-12 22:30","2026-05-12 22:45","2026-05-12 23:15","long","CounterTrendStructureV4","stop_loss",-1.0,-1.1220601036269426,0.12206010362694264,"gross_loss",1.9300000000000047E-10,1.482E-8,1.4627E-8,33.372300600340424,4.069766067116029,"rsi_bullish_divergence"
"WIF-USDT-SWAP","2026-02-16 01:45","2026-02-16 02:00","2026-02-16 02:30","long","DivergenceRegime","stop_loss",-1.0,-1.1218666666666666,0.12186666666666657,"gross_loss",0.0030000000000000027,0.23,0.227,27.82895918032402,12.875836704786048,"rsi_bullish_divergence"
"KSM-USDT-SWAP","2025-10-11 03:30","2025-10-11 03:45","2025-10-11 04:45","long","CounterTrendStructureV4","stop_loss",-1.0,-1.120886486486486,0.12088648648648603,"gross_loss",0.1850000000000005,14.07,13.885,31.504118930283312,4.467336233796737,"rsi_bullish_divergence"
"1INCH-USDT-SWAP","2025-07-28 23:45","2025-07-29 00:00","2025-07-29 02:00","long","CounterTrendStructureV4","stop_loss",-1.0,-1.1200547945205483,0.12005479452054835,"gross_loss",0.0036499999999999866,0.2757,0.27205,26.618740424804514,5.232805864540456,"rsi_bullish_divergence"
"ADA-USDT-SWAP","2025-10-11 03:30","2025-10-11 03:45","2025-10-11 04:45","long","CounterTrendStructureV4","stop_loss",-1.0,-1.1188737864077674,0.11887378640776736,"gross_loss",0.010299999999999976,0.7704,0.7601,33.65536470791531,4.365750895567676,"rsi_bullish_divergence"
"RENDER-USDT-SWAP","2025-07-29 03:00","2025-07-29 03:15","2025-07-29 03:45","long","DivergenceRegime","stop_loss",-1.0,-1.1174285714285712,0.11742857142857122,"gross_loss",0.05600000000000005,4.138,4.082,38.64756585023877,3.934263717065838,"rsi_bullish_divergence"
"1INCH-USDT-SWAP","2025-10-11 03:30","2025-10-11 03:45","2025-10-11 04:45","long","CounterTrendStructureV4","stop_loss",-1.0,-1.1171753086419756,0.11717530864197556,"gross_loss",0.003239999999999993,0.2389,0.23566,33.38056442473457,8.32790343372788,"rsi_bullish_divergence"
"WOO-USDT-SWAP","2025-07-29 01:15","2025-07-29 01:30","2025-07-29 02:00","long","CounterTrendStructureV4","stop_loss",-1.0,-1.1162352941176463,0.11623529411764633,"gross_loss",0.001020000000000007,0.07461,0.07358999999999999,32.262904036115884,3.5549889712564906,"rsi_bullish_divergence"
"LDO-USDT-SWAP","2026-06-04 04:15","2026-06-04 04:30","2026-06-04 04:45","long","CounterTrendStructureV4","stop_loss",-1.0,-1.1155317073170734,0.1155317073170734,"gross_loss",0.0040999999999999925,0.2981,0.294,31.729543456763892,9.293567439706703,"rsi_bullish_divergence"
"GPS-USDT-SWAP","2025-07-29 03:30","2025-07-29 03:45","2025-07-29 04:15","long","CounterTrendStructureV4","stop_loss",-1.0,-1.1150561151079135,0.11505611510791347,"gross_loss",0.00027800000000000047,0.02013,0.019851999999999998,20.97661043176565,3.5070668635942623,"rsi_bullish_divergence"
"DOT-USDT-SWAP","2025-10-31 01:15","2025-10-31 01:30","2025-10-31 03:30","long","CounterTrendStructureV4","stop_loss",-1.0,-1.1148923076923072,0.11489230769230718,"gross_loss",0.039000000000000146,2.82,2.7809999999999997,25.70797317492854,3.4051880782506645,"rsi_bullish_divergence"
"WIF-USDT-SWAP","2025-10-22 13:15","2025-10-22 13:30","2025-10-22 17:30","long","CounterTrendStructureV4","stop_loss",-1.0,-1.1147830985915494,0.11478309859154945,"gross_loss",0.007099999999999995,0.5129,0.5058,27.933652395807343,7.0139854243047175,"rsi_bullish_divergence"
"TURBO-USDT-SWAP","2026-02-04 23:00","2026-02-04 23:15","2026-02-04 23:30","long","CounterTrendStructureV4","stop_loss",-1.0,-1.1147449101796412,0.11474491017964117,"gross_loss",0.000016699999999999918,0.001206,0.0011893000000000001,37.578135369875305,4.523564891042203,"rsi_bullish_divergence"
"ONE-USDT-SWAP","2025-07-29 00:15","2025-07-29 00:30","2025-07-29 02:00","long","CounterTrendStructureV4","stop_loss",-1.0,-1.11416855345912,0.11416855345911991,"gross_loss",0.00015899999999999942,0.011425,0.011266,25.883186431106395,3.6440945002332676,"rsi_bullish_divergence"
"POPCAT-USDT-SWAP","2025-08-11 18:00","2025-08-11 18:15","2025-08-11 19:00","long","DivergenceRegime","stop_loss",-1.0,-1.1136482758620694,0.11364827586206938,"gross_loss",0.0046399999999999775,0.3319,0.32726,28.018797901753672,6.158860257042933,"rsi_bullish_divergence"
"NEAR-USDT-SWAP","2025-07-23 21:00","2025-07-23 21:15","2025-07-23 21:30","long","DivergenceRegime","stop_loss",-1.0,-1.1132799999999998,0.11327999999999983,"gross_loss",0.040000000000000036,2.852,2.812,30.803245263606158,5.590321825629022,"rsi_bullish_divergence"
"ADA-USDT-SWAP","2026-01-31 22:45","2026-01-31 23:00","2026-02-01 00:15","long","CounterTrendStructureV4","stop_loss",-1.0,-1.1127619047619053,0.11276190476190528,"gross_loss",0.0041999999999999815,0.2981,0.2939,26.63262822684794,6.575040345423982,"rsi_bullish_divergence"
"ZRX-USDT-SWAP","2025-08-01 08:45","2025-08-01 09:00","2025-08-01 16:00","long","CounterTrendStructureV4","stop_loss",-1.0,-1.1123017964071853,0.1123017964071853,"gross_loss",0.0033400000000000096,0.2361,0.23276,32.56022956893891,5.4007871133077066,"rsi_bullish_divergence"
"AGLD-USDT-SWAP","2025-11-03 14:45","2025-11-03 15:00","2025-11-03 18:45","long","CounterTrendStructureV4","stop_loss",-1.0,-1.1117551020408158,0.11175510204081585,"gross_loss",0.0049000000000000155,0.3447,0.3398,30.3274518874982,3.095140185256955,"rsi_bullish_divergence"
"ONE-USDT-SWAP","2025-12-29 23:00","2025-12-29 23:15","2025-12-30 02:45","long","DivergenceRegime","stop_loss",-1.0,-1.1103111111111115,0.11031111111111147,"gross_loss",0.000053999999999999795,0.00375,0.003696,38.72487556055447,7.358749018067557,"rsi_bullish_divergence"
"ACT-USDT-SWAP","2025-09-15 22:00","2025-09-15 22:15","2025-09-15 23:45","long","DivergenceRegime","stop_loss",-1.0,-1.1091325842696629,0.10913258426966288,"gross_loss",0.0005339999999999998,0.03669,0.036156,32.47328981621877,3.3558700281009632,"rsi_bullish_divergence"
"KSM-USDT-SWAP","2025-08-01 08:45","2025-08-01 09:00","2025-08-01 16:00","long","CounterTrendStructureV4","stop_loss",-1.0,-1.1077825242718449,0.10778252427184487,"gross_loss",0.20599999999999952,13.98,13.774000000000001,34.54978198490849,4.627562520124504,"rsi_bullish_divergence"
"RENDER-USDT-SWAP","2025-07-23 21:00","2025-07-23 21:15","2025-07-23 21:30","long","DivergenceRegime","stop_loss",-1.0,-1.107325,0.10732499999999989,"gross_loss",0.06400000000000006,4.325,4.261,33.080950216906146,6.382815141753723,"rsi_bullish_divergence"
"ONT-USDT-SWAP","2025-10-11 03:30","2025-10-11 03:45","2025-10-11 04:45","long","CounterTrendStructureV4","stop_loss",-1.0,-1.1062344827586204,0.10623448275862035,"gross_loss",0.0017400000000000054,0.1164,0.11466,31.750660812059394,3.6033213209050903,"rsi_bullish_divergence"
"ALGO-USDT-SWAP","2025-10-11 03:30","2025-10-11 03:45","2025-10-11 04:45","long","CounterTrendStructureV4","stop_loss",-1.0,-1.1057303514377,0.10573035143769993,"gross_loss",0.003129999999999994,0.2084,0.20527,34.98060770903108,3.988345911934764,"rsi_bullish_divergence"
"KSM-USDT-SWAP","2025-07-24 04:30","2025-07-24 04:45","2025-07-24 05:15","long","DivergenceRegime","stop_loss",-1.0,-1.1043428571428573,0.10434285714285729,"gross_loss",0.23799999999999955,15.64,15.402000000000001,29.41635588523168,5.709083715092952,"rsi_bullish_divergence"
"BIO-USDT-SWAP","2025-07-12 20:00","2025-07-12 20:15","2025-07-12 20:30","long","DivergenceRegime","stop_loss",-1.0,-1.1043022222222225,0.10430222222222252,"gross_loss",0.000899999999999998,0.05912,0.05822,39.47515925277334,4.678321791404396,"rsi_bullish_divergence"
"DOGE-USDT-SWAP","2025-07-23 21:15","2025-07-23 21:30","2025-07-23 21:30","long","DivergenceRegime","stop_loss",-1.0,-1.1039101827676239,0.10391018276762387,"gross_loss",0.00383,0.25065,0.24681999999999998,30.295972938238336,4.791324437878184,"rsi_bullish_divergence"
"ZRO-USDT-SWAP","2026-02-23 09:00","2026-02-23 09:15","2026-02-23 09:30","long","DivergenceRegime","stop_loss",-1.0,-1.1027720164609054,0.10277201646090539,"gross_loss",0.02429999999999999,1.573,1.5487,24.89762326925471,6.654931655896358,"rsi_bullish_divergence"
"BIO-USDT-SWAP","2025-07-29 02:00","2025-07-29 02:15","2025-07-29 02:30","long","DivergenceRegime","stop_loss",-1.0,-1.102269387755102,0.10226938775510197,"gross_loss",0.0009800000000000017,0.06313,0.062150000000000004,29.771047738306223,6.894290770494976,"rsi_bullish_divergence"
"OP-USDT-SWAP","2025-10-11 03:30","2025-10-11 03:45","2025-10-11 04:45","long","CounterTrendStructureV4","stop_loss",-1.0,-1.1005939393939392,0.10059393939393924,"gross_loss",0.010560000000000014,0.6692,0.65864,29.454306338227866,5.964511405816141,"rsi_bullish_divergence"
"ORDI-USDT-SWAP","2026-02-04 23:30","2026-02-04 23:45","2026-02-05 02:15","long","CounterTrendStructureV4","stop_loss",-1.0,-1.0999673469387756,0.09996734693877563,"gross_loss",0.04899999999999993,3.086,3.037,34.39392527453538,4.7923946557040065,"rsi_bullish_divergence"
"TURBO-USDT-SWAP","2026-02-04 23:30","2026-02-04 23:45","2026-02-05 01:15","long","CounterTrendStructureV4","stop_loss",-1.0,-1.0997473684210533,0.09974736842105325,"gross_loss",0.00001899999999999992,0.001194,0.001175,31.40457199647382,3.0704911795919183,"rsi_bullish_divergence"
"DOT-USDT-SWAP","2025-07-24 04:30","2025-07-24 04:45","2025-07-24 05:15","long","DivergenceRegime","stop_loss",-1.0,-1.0988641221374045,0.09886412213740448,"gross_loss",0.06550000000000011,4.08,4.0145,29.252255074887586,8.213788147081813,"rsi_bullish_divergence"
"ZRX-USDT-SWAP","2025-07-24 04:30","2025-07-24 04:45","2025-07-24 05:15","long","DivergenceRegime","stop_loss",-1.0,-1.0988497695852533,0.09884976958525327,"gross_loss",0.0043400000000000105,0.2703,0.26596,27.27001258356809,3.9534000690369346,"rsi_bullish_divergence"
"EIGEN-USDT-SWAP","2025-07-12 23:15","2025-07-12 23:30","2025-07-12 23:30","long","DivergenceRegime","stop_loss",-1.0,-1.0987625615763548,0.09876256157635477,"gross_loss",0.020299999999999985,1.2632,1.2429000000000001,27.85574460434968,4.004624545464538,"rsi_bullish_divergence"
"ICP-USDT-SWAP","2025-07-24 04:30","2025-07-24 04:45","2025-07-24 05:15","long","DivergenceRegime","stop_loss",-1.0,-1.0984359550561793,0.0984359550561793,"gross_loss",0.08900000000000041,5.52,5.430999999999999,30.418009540456083,5.830935644553543,"rsi_bullish_divergence"
"MERL-USDT-SWAP","2025-08-01 08:45","2025-08-01 09:00","2025-08-01 09:15","long","CounterTrendStructureV4","stop_loss",-1.0,-1.097942857142857,0.09794285714285711,"gross_loss",0.0016100000000000003,0.09936,0.09775,38.039870630568664,3.6155644337803063,"rsi_bullish_divergence"
"VIRTUAL-USDT-SWAP","2025-07-29 02:00","2025-07-29 02:15","2025-07-29 04:15","long","CounterTrendStructureV4","stop_loss",-1.0,-1.0973733333333333,0.09737333333333331,"gross_loss",0.02400000000000002,1.4726,1.4485999999999999,28.824769869818624,3.584734877154169,"rsi_bullish_divergence"
"ADA-USDT-SWAP","2025-07-24 04:30","2025-07-24 04:45","2025-07-24 05:15","long","DivergenceRegime","stop_loss",-1.0,-1.0967636363636364,0.09676363636363638,"gross_loss",0.01319999999999999,0.8049,0.7917,33.13085221383602,8.603520564112616,"rsi_bullish_divergence"
"ZETA-USDT-SWAP","2025-07-24 04:30","2025-07-24 04:45","2025-07-24 05:15","long","DivergenceRegime","stop_loss",-1.0,-1.096589355742297,0.09658935574229699,"gross_loss",0.00356999999999999,0.2173,0.21373,32.46682817866214,9.61785912368275,"rsi_bullish_divergence"
"WOO-USDT-SWAP","2025-07-24 04:30","2025-07-24 04:45","2025-07-24 05:15","long","DivergenceRegime","stop_loss",-1.0,-1.0956588235294116,0.09565882352941157,"gross_loss",0.00136,0.08199,0.08063,27.034650648781138,4.486059671432122,"rsi_bullish_divergence"
"BIGTIME-USDT-SWAP","2025-07-24 04:30","2025-07-24 04:45","2025-07-24 05:15","long","DivergenceRegime","stop_loss",-1.0,-1.0943018078020936,0.09430180780209363,"gross_loss",0.0010509999999999964,0.06247,0.061419,27.571044487928603,8.086940820014531,"rsi_bullish_divergence"
"NEAR-USDT-SWAP","2025-07-24 04:30","2025-07-24 04:45","2025-07-24 05:15","long","DivergenceRegime","stop_loss",-1.0,-1.0933565217391308,0.09335652173913078,"gross_loss",0.04599999999999982,2.707,2.661,30.399139389074662,7.215496443853515,"rsi_bullish_divergence"
"AUCTION-USDT-SWAP","2025-07-24 04:30","2025-07-24 04:45","2025-07-24 05:15","long","DivergenceRegime","stop_loss",-1.0,-1.0930485875706217,0.09304858757062173,"gross_loss",0.1769999999999996,10.382,10.205,29.02278691701622,8.349321171100447,"rsi_bullish_divergence"
"BNB-USDT-SWAP","2025-10-14 18:30","2025-10-14 18:45","2025-10-14 20:15","long","DivergenceRegime","stop_loss",-1.0,-1.092538613861386,0.09253861386138595,"gross_loss",20.200000000000045,1178.4,1158.2,26.243165140744594,3.0790885461702637,"rsi_bullish_divergence"
"INJ-USDT-SWAP","2025-07-24 04:30","2025-07-24 04:45","2025-07-24 05:15","long","DivergenceRegime","stop_loss",-1.0,-1.0925356223175964,0.09253562231759638,"gross_loss",0.23300000000000054,13.592,13.359,32.856179201574406,3.617463760029773,"rsi_bullish_divergence"
"AGLD-USDT-SWAP","2025-07-24 04:30","2025-07-24 04:45","2025-07-24 05:15","long","DivergenceRegime","stop_loss",-1.0,-1.091754744525547,0.0917547445255471,"gross_loss",0.013700000000000045,0.7925,0.7787999999999999,28.94916915375184,5.556436197491725,"rsi_bullish_divergence"
"HBAR-USDT-SWAP","2025-07-24 04:30","2025-07-24 04:45","2025-07-24 05:15","long","DivergenceRegime","stop_loss",-1.0,-1.0886532110091742,0.08865321100917423,"gross_loss",0.004360000000000003,0.24376,0.2394,30.958786972084113,4.563418789648006,"rsi_bullish_divergence"
"WIF-USDT-SWAP","2026-03-06 22:00","2026-03-06 22:15","2026-03-06 23:15","long","DivergenceRegime","stop_loss",-1.0,-1.0876571428571427,0.08765714285714266,"gross_loss",0.003500000000000003,0.1935,0.19,24.077943640603166,4.204468971457166,"rsi_bullish_divergence"
"RENDER-USDT-SWAP","2025-07-24 04:30","2025-07-24 04:45","2025-07-24 05:15","long","DivergenceRegime","stop_loss",-1.0,-1.0856421052631582,0.08564210526315819,"gross_loss",0.07599999999999962,4.106,4.03,31.733899983042804,6.343816033896944,"rsi_bullish_divergence"
"ZRO-USDT-SWAP","2025-07-23 21:45","2025-07-23 22:00","2025-07-24 00:45","long","CounterTrendStructureV4","stop_loss",-1.0,-1.0854753246753248,0.08547532467532482,"gross_loss",0.03849999999999998,2.076,2.0375,27.32723219202562,6.080292912793548,"rsi_bullish_divergence"
"RENDER-USDT-SWAP","2025-10-11 03:30","2025-10-11 03:45","2025-10-11 04:45","long","CounterTrendStructureV4","stop_loss",-1.0,-1.084280701754386,0.08428070175438607,"gross_loss",0.05699999999999994,3.031,2.974,34.13518722903028,3.9849143876103406,"rsi_bullish_divergence"
"POL-USDT-SWAP","2026-06-05 22:00","2026-06-05 22:15","2026-06-05 23:00","long","CounterTrendStructureV4","stop_loss",-1.0,-1.0837150684931505,0.08371506849315047,"gross_loss",0.001460000000000003,0.07712,0.07565999999999999,33.26544355948836,3.9606676764662554,"rsi_bullish_divergence"
"DOGE-USDT-SWAP","2025-07-24 04:30","2025-07-24 04:45","2025-07-24 05:15","long","DivergenceRegime","stop_loss",-1.0,-1.0833805309734512,0.08338053097345122,"gross_loss",0.004519999999999996,0.23781,0.23329,31.20642164735176,5.916752202426736,"rsi_bullish_divergence"
"MERL-USDT-SWAP","2025-12-16 06:15","2025-12-16 06:30","2025-12-16 10:00","long","DivergenceRegime","stop_loss",-1.0,-1.0829980198019804,0.0829980198019804,"gross_loss",0.008079999999999976,0.42318,0.4151,30.016254978961427,6.736309644810112,"rsi_bullish_divergence"
"1INCH-USDT-SWAP","2026-06-05 14:30","2026-06-05 14:45","2026-06-05 15:00","long","CounterTrendStructureV4","stop_loss",-1.0,-1.0825882352941176,0.08258823529411763,"gross_loss",0.00136,0.07088,0.06952,33.50686296977315,3.5556849280866003,"rsi_bullish_divergence"
"OP-USDT-SWAP","2025-07-24 04:30","2025-07-24 04:45","2025-07-24 05:15","long","DivergenceRegime","stop_loss",-1.0,-1.0823033962264152,0.08230339622641525,"gross_loss",0.013249999999999984,0.6882,0.67495,27.526189999334065,7.24896222132301,"rsi_bullish_divergence"
"BABY-USDT-SWAP","2026-04-04 21:45","2026-04-04 22:00","2026-04-04 22:15","long","DivergenceRegime","stop_loss",-1.0,-1.0805538461538462,0.0805538461538462,"gross_loss",0.0002599999999999998,0.01322,0.012960000000000001,28.377622873594518,9.164847843145598,"rsi_bullish_divergence"
"LAYER-USDT-SWAP","2025-11-04 12:30","2025-11-04 12:45","2025-11-04 13:15","long","CounterTrendStructureV4","stop_loss",-1.0,-1.0798889952153112,0.07988899521531123,"gross_loss",0.004179999999999989,0.2108,0.20662,34.86181077938856,4.520919551070969,"rsi_bullish_divergence"
"ORDI-USDT-SWAP","2025-10-11 03:30","2025-10-11 03:45","2025-10-11 04:45","long","CounterTrendStructureV4","stop_loss",-1.0,-1.078118918918919,0.07811891891891909,"gross_loss",0.1479999999999997,7.3,7.152,31.593054887879305,3.194786642316412,"rsi_bullish_divergence"
"WIF-USDT-SWAP","2025-10-11 03:30","2025-10-11 03:45","2025-10-11 04:45","long","CounterTrendStructureV4","stop_loss",-1.0,-1.0778962962962966,0.07789629629629657,"gross_loss",0.013499999999999956,0.664,0.6505000000000001,32.681534282787126,3.147303736047601,"rsi_bullish_divergence"
"AUCTION-USDT-SWAP","2026-06-25 22:30","2026-06-25 22:45","2026-06-26 10:15","long","CounterTrendStructureV4","stop_loss",-1.0,-1.0777999999999999,0.07779999999999987,"gross_loss",0.06400000000000006,3.144,3.08,38.42541093718601,4.188410369840291,"rsi_bullish_divergence"
"POL-USDT-SWAP","2026-02-01 01:00","2026-02-01 01:15","2026-02-01 02:30","long","CounterTrendStructureV4","stop_loss",-1.0,-1.0774048780487806,0.0774048780487806,"gross_loss",0.0020499999999999963,0.1002,0.09815,19.962555831086334,12.04951670545119,"rsi_bullish_divergence"
"INIT-USDT-SWAP","2025-10-11 03:30","2025-10-11 03:45","2025-10-11 04:45","long","CounterTrendStructureV4","stop_loss",-1.0,-1.0770559463986602,0.0770559463986602,"gross_loss",0.005969999999999975,0.2905,0.28453,31.13424300235816,3.288694239959532,"rsi_bullish_divergence"
"VIRTUAL-USDT-SWAP","2025-07-24 04:30","2025-07-24 04:45","2025-07-24 05:15","long","DivergenceRegime","stop_loss",-1.0,-1.0769767441860465,0.0769767441860465,"gross_loss",0.034399999999999986,1.6722,1.6378,28.839334792559413,5.0293511705236735,"rsi_bullish_divergence"
"LTC-USDT-SWAP","2026-02-01 01:00","2026-02-01 01:15","2026-02-01 02:30","long","CounterTrendStructureV4","stop_loss",-1.0,-1.0766666666666667,0.07666666666666666,"gross_loss",1.2000000000000028,58.1,56.9,20.44433372329381,11.548972525209038,"rsi_bullish_divergence"
"NEO-USDT-SWAP","2026-02-01 01:00","2026-02-01 01:15","2026-02-01 02:30","long","CounterTrendStructureV4","stop_loss",-1.0,-1.0753032258064519,0.07530322580645188,"gross_loss",0.06199999999999983,2.949,2.887,18.066053433177117,36.800253373601635,"rsi_bullish_divergence"
"TURBO-USDT-SWAP","2025-07-24 04:30","2025-07-24 04:45","2025-07-24 05:15","long","CounterTrendStructureV4","stop_loss",-1.0,-1.072919069767442,0.072919069767442,"gross_loss",0.00010749999999999996,0.004953,0.0048455,31.41434049743691,4.807400540375092,"rsi_bullish_divergence"
"POPCAT-USDT-SWAP","2025-10-11 03:30","2025-10-11 03:45","2025-10-11 04:45","long","CounterTrendStructureV4","stop_loss",-1.0,-1.0726013303769404,0.07260133037694039,"gross_loss",0.004509999999999986,0.2069,0.20239000000000001,30.195969591372943,4.614305784323224,"rsi_bullish_divergence"
"ACT-USDT-SWAP","2025-10-11 03:30","2025-10-11 03:45","2025-10-11 04:45","long","CounterTrendStructureV4","stop_loss",-1.0,-1.064605857740586,0.06460585774058591,"gross_loss",0.0007169999999999989,0.02931,0.028593,32.697322865700414,4.193929711284405,"rsi_bullish_divergence"
"FLOW-USDT-SWAP","2026-02-01 01:15","2026-02-01 01:30","2026-02-01 02:15","long","CounterTrendStructureV4","stop_loss",-1.0,-1.0605164556962026,0.060516455696202565,"gross_loss",0.001579999999999998,0.06055,0.05897,31.91178426218174,3.071843152421209,"rsi_bullish_divergence"
"BIGTIME-USDT-SWAP","2026-02-06 00:15","2026-02-06 00:30","2026-02-06 01:00","long","CounterTrendStructureV4","stop_loss",-1.0,-1.0586901960784312,0.05869019607843118,"gross_loss",0.0004080000000000004,0.01517,0.014761999999999999,39.895269454892286,4.209341609671727,"rsi_bullish_divergence"
"BIO-USDT-SWAP","2025-11-05 04:15","2025-11-05 04:30","2025-11-05 05:30","long","CounterTrendStructureV4","stop_loss",-1.0,-1.0582723404255319,0.058272340425531866,"gross_loss",0.0018800000000000067,0.06941,0.06752999999999999,31.33285102206898,7.834508195686936,"rsi_bullish_divergence"
"POPCAT-USDT-SWAP","2026-02-05 23:30","2026-02-05 23:45","2026-02-06 01:15","long","CounterTrendStructureV4","stop_loss",-1.0,-1.054814184397163,0.05481418439716301,"gross_loss",0.0014100000000000015,0.04901,0.047599999999999996,33.476781978039725,3.749287344033019,"rsi_bullish_divergence"
"EIGEN-USDT-SWAP","2026-02-06 04:45","2026-02-06 05:00","2026-02-06 08:00","long","CounterTrendStructureV4","stop_loss",-1.0,-1.0438888888888889,0.043888888888888866,"gross_loss",0.007200000000000012,0.2011,0.1939,30.6707265695711,3.101774560330868,"rsi_bullish_divergence"
"TRX-USDT-SWAP","2026-02-28 03:30","2026-02-28 03:45","2026-02-28 04:45","long","CounterTrendStructureV4","counter_trend_trailing_stop",0.19354838709687527,-0.5337806451611782,0.7273290322580535,"cost_only",0.0006200000000000094,0.28178,0.28190000000000004,31.537758703006034,4.787441083433322,"rsi_bullish_divergence"
"LTC-USDT-SWAP","2026-04-09 09:00","2026-04-09 09:15","2026-04-09 18:45","long","DivergenceRegime","divergence_break_even",0.04166666666665803,-0.31670000000000564,0.35836666666666367,"cost_only",0.240000000000002,53.75,53.76,31.50087801467693,6.108575855466066,"rsi_bullish_divergence"
"LDO-USDT-SWAP","2026-04-12 18:45","2026-04-12 19:00","2026-04-12 20:45","long","DivergenceRegime","divergence_break_even",3.083952846180949E-14,-0.28062222222218763,0.2806222222222185,"cost_only",0.0018000000000000238,0.3157,0.31570000000000004,28.718517322616464,6.706067600437734,"rsi_bullish_divergence"
"NEO-USDT-SWAP","2026-05-26 11:15","2026-05-26 11:30","2026-05-26 11:30","long","CounterTrendStructureV4","structure_take_profit",0.0,-0.24880000000000288,0.24880000000000288,"cost_only",0.017999999999999794,2.799,2.799,34.538393224776,3.8446324579716515,"rsi_bullish_divergence"
"AGLD-USDT-SWAP","2025-09-15 22:00","2025-09-15 22:15","2025-09-15 23:00","long","CounterTrendStructureV4","counter_trend_trailing_stop",-0.06666666666665927,-0.24165333333332578,0.1749866666666665,"gross_loss",0.006000000000000005,0.6564,0.656,36.12130442951427,7.007915756294996,"rsi_bullish_divergence"
"ETC-USDT-SWAP","2026-07-05 15:00","2026-07-05 15:15","2026-07-05 17:15","long","DivergenceRegime","divergence_break_even",0.023255813953496057,-0.2394976744185961,0.26275348837209217,"cost_only",0.04300000000000015,7.061,7.062,25.77246237471728,5.456676804052215,"rsi_bullish_divergence"
"ZRO-USDT-SWAP","2025-12-30 02:45","2025-12-30 03:00","2025-12-30 03:45","long","CounterTrendStructureV4","counter_trend_trailing_stop",0.025641025641022722,-0.2287384615384635,0.2543794871794862,"cost_only",0.007800000000000029,1.24,1.2402,39.285540669770576,4.682949157316558,"rsi_bullish_divergence"
"ALGO-USDT-SWAP","2026-07-06 16:00","2026-07-06 16:15","2026-07-06 19:45","long","DivergenceRegime","divergence_break_even",2.238352872228154E-14,-0.22632258064514055,0.22632258064516292,"cost_only",0.0006199999999999956,0.0877,0.08770000000000001,30.254027959912747,21.530082569054088,"rsi_bullish_divergence"
"ZRO-USDT-SWAP","2025-09-15 22:00","2025-09-15 22:15","2025-09-15 23:00","long","CounterTrendStructureV4","counter_trend_trailing_stop",-0.054054054054048215,-0.21712432432431883,0.1630702702702706,"gross_loss",0.01849999999999996,1.886,1.885,29.519783249135628,4.1339204309987565,"rsi_bullish_divergence"
"POL-USDT-SWAP","2025-12-29 20:15","2025-12-29 20:30","2025-12-29 22:45","long","DivergenceRegime","divergence_break_even",1.6924131472944434E-14,-0.20604878048778763,0.20604878048780456,"cost_only",0.0008200000000000013,0.1056,0.10560000000000001,28.19608346980162,4.908057015224921,"rsi_bullish_divergence"
"YFI-USDT-SWAP","2026-04-23 11:30","2026-04-23 11:45","2026-04-23 13:30","long","DivergenceRegime","divergence_break_even",0.058823529411764705,-0.20089411764705886,0.25971764705882355,"cost_only",17.0,2759.0,2760.0,24.98009982214664,5.410024111127106,"rsi_bullish_divergence"
"KSM-USDT-SWAP","2025-09-20 02:00","2025-09-20 02:15","2025-09-20 07:15","long","DivergenceRegime","divergence_break_even",1.3559975873284332E-14,-0.1907786259541846,0.19077862595419817,"cost_only",0.13100000000000023,15.62,15.620000000000001,31.914030398241096,4.510382656392844,"rsi_bullish_divergence"
"MERL-USDT-SWAP","2026-03-18 04:45","2026-03-18 05:00","2026-03-18 05:45","long","CounterTrendStructureV4","counter_trend_trailing_stop",-0.0666666666666718,-0.1901688888888943,0.1235022222222225,"gross_loss",0.000449999999999999,0.03475,0.03472,26.61405477052432,3.8300499100332703,"rsi_bullish_divergence"
"NEO-USDT-SWAP","2026-02-16 01:45","2026-02-16 02:00","2026-02-16 09:15","long","DivergenceRegime","divergence_break_even",0.0,-0.18713333333333315,0.18713333333333315,"cost_only",0.02400000000000002,2.807,2.807,31.116032130609682,14.688999630860097,"rsi_bullish_divergence"
"BCH-USDT-SWAP","2025-07-15 04:15","2025-07-15 04:30","2025-07-15 08:30","long","DivergenceRegime","divergence_break_even",0.026315789473690114,-0.18482105263157242,0.21113684210526254,"cost_only",3.8000000000000114,501.4,501.5,35.51286025964178,11.496343179647221,"rsi_bullish_divergence"
"DOGE-USDT-SWAP","2026-05-16 18:00","2026-05-16 18:15","2026-05-16 20:15","long","DivergenceRegime","divergence_break_even",0.011235955056190988,-0.18386516853931423,0.19510112359550522,"cost_only",0.0008900000000000019,0.10852,0.10853000000000002,22.118088932645563,4.772590862560557,"rsi_bullish_divergence"
"NMR-USDT-SWAP","2026-02-16 01:45","2026-02-16 02:00","2026-02-16 07:00","long","DivergenceRegime","divergence_break_even",2.368475785867023E-14,-0.17787733333331135,0.17787733333333502,"cost_only",0.07499999999999929,8.338,8.338000000000001,29.880534865187656,12.869308793248084,"rsi_bullish_divergence"
"BCH-USDT-SWAP","2026-07-17 23:00","2026-07-17 23:15","2026-07-18 00:30","long","CounterTrendStructureV4","counter_trend_trailing_stop",1.353414734781147E-14,-0.16434285714284405,0.1643428571428576,"cost_only",2.0999999999999943,215.7,215.70000000000002,30.416552466082024,3.0039050982397977,"rsi_bullish_divergence"
"ATOM-USDT-SWAP","2026-06-30 00:30","2026-06-30 00:45","2026-06-30 01:30","long","CounterTrendStructureV4","counter_trend_trailing_stop",1.480297366166885E-14,-0.1630933333333196,0.1630933333333344,"cost_only",0.014999999999999902,1.529,1.5290000000000001,34.87805213631353,3.873873218430109,"rsi_bullish_divergence"
"RENDER-USDT-SWAP","2025-12-29 20:15","2025-12-29 20:30","2025-12-29 22:45","long","DivergenceRegime","divergence_break_even",0.0,-0.16110769230769356,0.16110769230769356,"cost_only",0.0129999999999999,1.309,1.309,32.734538884811215,4.108281797896079,"rsi_bullish_divergence"
"POL-USDT-SWAP","2026-03-18 22:30","2026-03-18 22:45","2026-03-19 02:15","long","DivergenceRegime","divergence_break_even",0.01098901098902205,-0.15905934065933072,0.17004835164835277,"cost_only",0.0009099999999999941,0.09671,0.09672000000000001,24.668381032051357,3.0127134044457886,"rsi_bullish_divergence"
"BIGTIME-USDT-SWAP","2026-04-02 13:30","2026-04-02 13:45","2026-04-02 16:30","long","DivergenceRegime","divergence_break_even",0.008695652173906616,-0.15771130434783176,0.16640695652173837,"cost_only",0.00011500000000000052,0.01196,0.011961,35.65169719426012,3.2756148750925935,"rsi_bullish_divergence"
"LAYER-USDT-SWAP","2025-09-01 14:00","2025-09-01 14:15","2025-09-01 15:00","long","CounterTrendStructureV4","counter_trend_trailing_stop",0.04622871046229341,-0.1505187347931836,0.196747445255477,"cost_only",0.004109999999999947,0.5053,0.50549,27.42726119282149,3.5730838167760823,"rsi_bullish_divergence"
"AUCTION-USDT-SWAP","2026-02-16 01:45","2026-02-16 02:00","2026-02-16 02:30","long","DivergenceRegime","divergence_break_even",0.02083333333334027,-0.15038333333332626,0.17121666666666654,"cost_only",0.04800000000000004,5.136,5.1370000000000005,31.358837284710035,7.02986583809184,"rsi_bullish_divergence"
"VIRTUAL-USDT-SWAP","2025-12-29 20:15","2025-12-29 20:30","2025-12-29 22:45","long","DivergenceRegime","divergence_break_even",1.4053456007913342E-14,-0.1390784810126439,0.13907848101265793,"cost_only",0.007900000000000018,0.6867,0.6867000000000001,28.94357009537221,3.4905369932268204,"rsi_bullish_divergence"
"BCH-USDT-SWAP","2025-08-25 08:30","2025-08-25 08:45","2025-08-25 12:30","long","DivergenceRegime","divergence_break_even",0.016393442622954488,-0.13538360655737286,0.15177704918032736,"cost_only",6.100000000000023,578.6,578.7,32.5934440003133,5.18316126670991,"rsi_bullish_divergence"
"KSM-USDT-SWAP","2026-06-23 07:30","2026-06-23 07:45","2026-06-23 09:45","long","CounterTrendStructureV4","counter_trend_trailing_stop",0.074074074074082,-0.12811851851850958,0.2021925925925916,"cost_only",0.027000000000000135,3.411,3.4130000000000003,35.0279041345088,5.968659948505466,"rsi_bullish_divergence"
"TURBO-USDT-SWAP","2026-01-08 15:00","2026-01-08 15:15","2026-01-08 16:45","long","DivergenceRegime","divergence_break_even",0.004237288135586446,-0.12647796610170212,0.13071525423728855,"cost_only",0.000023599999999999923,0.001928,0.0019280999999999999,37.54266261754089,6.302996839205125,"rsi_bullish_divergence"
"OP-USDT-SWAP","2026-05-13 23:30","2026-05-13 23:45","2026-05-14 05:00","long","DivergenceRegime","divergence_break_even",0.005494505494511025,-0.12259780219779749,0.1280923076923085,"cost_only",0.0018199999999999883,0.1457,0.14571,22.480380585936445,3.007231316778346,"rsi_bullish_divergence"
"RENDER-USDT-SWAP","2026-05-23 07:45","2026-05-23 08:00","2026-05-23 13:00","long","DivergenceRegime","divergence_break_even",0.0,-0.11833600000000041,0.11833600000000041,"cost_only",0.02499999999999991,1.849,1.849,25.524572084133084,5.598657669733009,"rsi_bullish_divergence"
"RENDER-USDT-SWAP","2025-12-15 06:30","2025-12-15 06:45","2025-12-15 07:15","long","CounterTrendStructureV4","counter_trend_trailing_stop",0.08333333333332409,-0.11286666666667575,0.19619999999999982,"cost_only",0.01200000000000001,1.471,1.472,34.86325475137622,4.84124549022927,"rsi_bullish_divergence"
"TURBO-USDT-SWAP","2025-09-15 22:00","2025-09-15 22:15","2025-09-15 23:00","long","CounterTrendStructureV4","counter_trend_trailing_stop",0.009345794392516546,-0.1097495327102878,0.11909532710280435,"cost_only",0.00005349999999999973,0.003982,0.0039825,36.36139214982566,3.044946457023579,"rsi_bullish_divergence"
"LTC-USDT-SWAP","2025-08-15 02:15","2025-08-15 02:30","2025-08-15 17:15","long","DivergenceRegime","divergence_break_even",0.005952380952383973,-0.10905238095237746,0.11500476190476143,"cost_only",1.6800000000000068,120.75,120.76,32.60022405249265,3.4609854666053437,"rsi_bullish_divergence"
"SSV-USDT-SWAP","2026-03-19 04:00","2026-03-19 04:15","2026-03-19 09:00","long","DivergenceRegime","divergence_break_even",0.02941176470587928,-0.0972000000000038,0.1266117647058831,"cost_only",0.03399999999999981,2.69,2.691,37.91125223014984,3.270560843662262,"rsi_bullish_divergence"
"RSR-USDT-SWAP","2026-01-08 15:00","2026-01-08 15:15","2026-01-08 16:45","long","DivergenceRegime","divergence_break_even",0.028571428571420074,-0.09680000000000895,0.12537142857142902,"cost_only",0.000034999999999999875,0.002742,0.0027429999999999998,32.55111390747871,11.451555835751092,"rsi_bullish_divergence"
"ZRX-USDT-SWAP","2025-07-24 01:15","2025-07-24 01:30","2025-07-24 04:15","long","DivergenceRegime","divergence_break_even",1.1989449509990831E-14,-0.09430669546435042,0.0943066954643624,"cost_only",0.004630000000000023,0.2729,0.27290000000000003,26.333850502692954,3.4326926328842795,"rsi_bullish_divergence"
"DOGE-USDT-SWAP","2026-06-23 09:45","2026-06-23 10:00","2026-06-23 10:00","long","CounterTrendStructureV4","structure_take_profit",0.14285714285716056,-0.09114285714283742,0.233999999999998,"cost_only",0.0005600000000000049,0.08186,0.08194000000000001,34.955814121302396,8.044119275379144,"rsi_bullish_divergence"
"IOST-USDT-SWAP","2026-06-05 14:45","2026-06-05 15:00","2026-06-05 16:45","long","CounterTrendStructureV4","counter_trend_trailing_stop",0.0,-0.08350000000000023,0.08350000000000023,"cost_only",0.000015999999999999955,0.000835,0.000835,32.645140267633494,3.2180132450331125,"rsi_bullish_divergence"
"RSR-USDT-SWAP","2026-02-20 00:45","2026-02-20 01:00","2026-02-20 01:30","long","CounterTrendStructureV4","counter_trend_trailing_stop",0.05263157894736421,-0.0674105263157942,0.12004210526315841,"cost_only",0.00001899999999999992,0.001425,0.001426,35.91583975886597,6.498746155081469,"rsi_bullish_divergence"
"EIGEN-USDT-SWAP","2025-12-31 11:00","2025-12-31 11:15","2025-12-31 12:45","long","CounterTrendStructureV4","counter_trend_trailing_stop",0.07500000000000555,-0.06497999999999432,0.13997999999999988,"cost_only",0.0040000000000000036,0.3498,0.3501,31.245495420113983,3.6351967862916417,"rsi_bullish_divergence"
"WIF-USDT-SWAP","2026-06-03 03:30","2026-06-03 03:45","2026-06-03 04:15","long","CounterTrendStructureV4","counter_trend_trailing_stop",0.03225806451612557,-0.05850322580645533,0.0907612903225809,"cost_only",0.0030999999999999917,0.1758,0.1759,29.28136028488575,7.4071405894170335,"rsi_bullish_divergence"
"XRP-USDT-SWAP","2026-06-03 03:30","2026-06-03 03:45","2026-06-03 04:15","long","CounterTrendStructureV4","counter_trend_trailing_stop",0.10236220472441619,-0.05091653543306493,0.1532787401574811,"cost_only",0.012699999999999934,1.216,1.2173,31.243174587364663,3.9476468234831597,"rsi_bullish_divergence"
"NEAR-USDT-SWAP","2026-06-23 09:45","2026-06-23 10:00","2026-06-23 12:30","long","CounterTrendStructureV4","counter_trend_trailing_stop",0.07692307692308611,-0.048676923076914874,0.125600000000001,"cost_only",0.0259999999999998,2.04,2.0420000000000003,33.02928015241372,4.244708673815155,"rsi_bullish_divergence"
"CVX-USDT-SWAP","2026-01-21 01:00","2026-01-21 01:15","2026-01-21 02:15","long","CounterTrendStructureV4","counter_trend_trailing_stop",0.0625,-0.03504999999999993,0.09754999999999993,"cost_only",0.03200000000000003,1.95,1.952,37.06307258890477,5.062636050055257,"rsi_bullish_divergence"
"ETC-USDT-SWAP","2026-01-31 22:45","2026-01-31 23:00","2026-02-01 00:00","long","CounterTrendStructureV4","counter_trend_trailing_stop",0.08108108108108432,-0.026118918918915907,0.10720000000000023,"cost_only",0.1479999999999997,9.91,9.922,30.729082671070785,6.6588028772570516,"rsi_bullish_divergence"
